transaction_id,policy_id,premium_month,premium_due,premium_paid,payment_status,partner_id,partner_name,product_id,product_name,product_type,province,rejection_reason
TXN00000317,POL000046,2026-01-01,135.84,135.84,Paid,,,,,,,policy_id not found in policies_clean.csv
TXN00000318,POL000046,2026-02-01,135.84,135.84,Paid,,,,,,,policy_id not found in policies_clean.csv
TXN00000319,POL000046,2026-03-01,135.84,135.84,Paid,,,,,,,policy_id not found in policies_clean.csv
TXN00000320,POL000046,2026-04-01,135.84,135.84,Paid,,,,,,,policy_id not found in policies_clean.csv
TXN00000321,POL000046,2026-05-01,135.84,135.84,Paid,,,,,,,policy_id not found in policies_clean.csv
TXN00000322,POL000046,2026-06-01,135.84,135.84,Paid,,,,,,,policy_id not found in policies_clean.csv
TXN00000406,POL000057,2026-04-01,277.75,277.75,Paid,,,,,,,policy_id not found in policies_clean.csv
TXN00000407,POL000057,2026-05-01,277.75,277.75,Paid,,,,,,,policy_id not found in policies_clean.csv
TXN00000408,POL000057,2026-06-01,277.75,277.75,Paid,,,,,,,policy_id not found in policies_clean.csv
TXN00000409,POL000058,2025-08-01,869.24,869.24,Paid,,,,,,,policy_id not found in policies_clean.csv
TXN00000410,POL000058,2025-09-01,869.24,869.24,Paid,,,,,,,policy_id not found in policies_clean.csv
TXN00000411,POL000058,2025-10-01,869.24,869.24,Paid,,,,,,,policy_id not found in policies_clean.csv
TXN00000412,POL000058,2025-11-01,869.24,651.93,Partial,,,,,,,policy_id not found in policies_clean.csv
TXN00000413,POL000058,2025-12-01,869.24,434.62,Partial,,,,,,,policy_id not found in policies_clean.csv
TXN00000414,POL000058,2026-01-01,869.24,869.24,Paid,,,,,,,policy_id not found in policies_clean.csv
TXN00000415,POL000058,2026-02-01,869.24,869.24,Paid,,,,,,,policy_id not found in policies_clean.csv
TXN00001033,POL000140,2026-02-01,254.4,254.4,Paid,,,,,,,policy_id not found in policies_clean.csv
TXN00001034,POL000140,2026-03-01,254.4,254.4,Paid,,,,,,,policy_id not found in policies_clean.csv
TXN00001035,POL000140,2026-04-01,254.4,254.4,Paid,,,,,,,policy_id not found in policies_clean.csv
TXN00001036,POL000140,2026-05-01,254.4,254.4,Paid,,,,,,,policy_id not found in policies_clean.csv
TXN00001037,POL000140,2026-06-01,254.4,254.4,Paid,,,,,,,policy_id not found in policies_clean.csv
TXN00001766,POL000248,2025-09-01,119.0,119.0,Paid,PART004,Khula Bank,PRD999,,,Free State,product_id not found in products_clean.csv
TXN00001767,POL000248,2025-10-01,119.0,119.0,Paid,PART004,Khula Bank,PRD999,,,Free State,product_id not found in products_clean.csv
TXN00001768,POL000248,2025-11-01,119.0,119.0,Paid,PART004,Khula Bank,PRD999,,,Free State,product_id not found in products_clean.csv
TXN00001769,POL000248,2025-12-01,119.0,119.0,Paid,PART004,Khula Bank,PRD999,,,Free State,product_id not found in products_clean.csv
TXN00001770,POL000248,2026-01-01,119.0,119.0,Paid,PART004,Khula Bank,PRD999,,,Free State,product_id not found in products_clean.csv
TXN00001771,POL000248,2026-02-01,119.0,119.0,Paid,PART004,Khula Bank,PRD999,,,Free State,product_id not found in products_clean.csv
TXN00001772,POL000248,2026-03-01,119.0,119.0,Paid,PART004,Khula Bank,PRD999,,,Free State,product_id not found in products_clean.csv
TXN00001773,POL000248,2026-04-01,119.0,119.0,Paid,PART004,Khula Bank,PRD999,,,Free State,product_id not found in products_clean.csv
TXN00001774,POL000248,2026-05-01,119.0,119.0,Paid,PART004,Khula Bank,PRD999,,,Free State,product_id not found in products_clean.csv
TXN00001775,POL000248,2026-06-01,119.0,119.0,Paid,PART004,Khula Bank,PRD999,,,Free State,product_id not found in products_clean.csv
TXN00002157,POL000302,2026-03-01,79.33,79.33,Paid,,,,,,,policy_id not found in policies_clean.csv
TXN00002158,POL000302,2026-04-01,79.33,79.33,Paid,,,,,,,policy_id not found in policies_clean.csv
TXN00002159,POL000302,2026-05-01,79.33,79.33,Paid,,,,,,,policy_id not found in policies_clean.csv
TXN00002160,POL000302,2026-06-01,79.33,0.0,Failed,,,,,,,policy_id not found in policies_clean.csv
TXN00002467,POL000347,2025-08-01,312.48,156.24,Partial,,,,,,,policy_id not found in policies_clean.csv
TXN00002468,POL000347,2025-09-01,312.48,312.48,Paid,,,,,,,policy_id not found in policies_clean.csv
TXN00002469,POL000347,2025-10-01,312.48,312.48,Paid,,,,,,,policy_id not found in policies_clean.csv
TXN00002470,POL000347,2025-11-01,312.48,312.48,Paid,,,,,,,policy_id not found in policies_clean.csv
TXN00002471,POL000347,2025-12-01,312.48,312.48,Paid,,,,,,,policy_id not found in policies_clean.csv
TXN00002472,POL000347,2026-01-01,312.48,312.48,Paid,,,,,,,policy_id not found in policies_clean.csv
TXN00003359,POL000461,2026-02-01,178.0,178.0,Paid,,,,,,,policy_id not found in policies_clean.csv
TXN00003360,POL000461,2026-03-01,178.0,178.0,Paid,,,,,,,policy_id not found in policies_clean.csv
TXN00003361,POL000461,2026-04-01,178.0,0.0,Failed,,,,,,,policy_id not found in policies_clean.csv
TXN00003362,POL000461,2026-05-01,178.0,178.0,Paid,,,,,,,policy_id not found in policies_clean.csv
TXN00003363,POL000461,2026-06-01,178.0,178.0,Paid,,,,,,,policy_id not found in policies_clean.csv
TXN00003490,POL000478,2026-03-01,148.32,148.32,Paid,PART001,Ubuntu Credit,PRD999,,,Mpumalanga,product_id not found in products_clean.csv
TXN00003491,POL000478,2026-04-01,148.32,148.32,Paid,PART001,Ubuntu Credit,PRD999,,,Mpumalanga,product_id not found in products_clean.csv
TXN00003492,POL000478,2026-05-01,148.32,148.32,Paid,PART001,Ubuntu Credit,PRD999,,,Mpumalanga,product_id not found in products_clean.csv
TXN00003493,POL000478,2026-06-01,148.32,148.32,Paid,PART001,Ubuntu Credit,PRD999,,,Mpumalanga,product_id not found in products_clean.csv
TXN00003538,POL000487,2025-08-01,178.0,178.0,Paid,,,,,,,policy_id not found in policies_clean.csv
TXN00003539,POL000487,2025-09-01,178.0,178.0,Paid,,,,,,,policy_id not found in policies_clean.csv
TXN00003540,POL000487,2025-10-01,178.0,178.0,Paid,,,,,,,policy_id not found in policies_clean.csv
TXN00003541,POL000487,2025-11-01,178.0,178.0,Paid,,,,,,,policy_id not found in policies_clean.csv
TXN00003542,POL000487,2025-12-01,178.0,89.0,Partial,,,,,,,policy_id not found in policies_clean.csv
TXN00003543,POL000487,2026-01-01,178.0,89.0,Partial,,,,,,,policy_id not found in policies_clean.csv
TXN00003544,POL000487,2026-02-01,178.0,178.0,Paid,,,,,,,policy_id not found in policies_clean.csv
TXN00003545,POL000487,2026-03-01,178.0,178.0,Paid,,,,,,,policy_id not found in policies_clean.csv
TXN00003546,POL000487,2026-04-01,178.0,178.0,Paid,,,,,,,policy_id not found in policies_clean.csv
TXN00003547,POL000487,2026-05-01,178.0,178.0,Paid,,,,,,,policy_id not found in policies_clean.csv
TXN00003548,POL000487,2026-06-01,178.0,178.0,Paid,,,,,,,policy_id not found in policies_clean.csv
TXN00004232,POL000576,2026-04-01,158.67,158.67,Paid,,,,,,,policy_id not found in policies_clean.csv
TXN00004233,POL000576,2026-05-01,158.67,158.67,Paid,,,,,,,policy_id not found in policies_clean.csv
TXN00004234,POL000576,2026-06-01,158.67,158.67,Paid,,,,,,,policy_id not found in policies_clean.csv
TXN00004495,POL000613,2026-01-01,119.0,119.0,Paid,,,,,,,policy_id not found in policies_clean.csv
TXN00004496,POL000613,2026-02-01,119.0,119.0,Paid,,,,,,,policy_id not found in policies_clean.csv
TXN00004497,POL000613,2026-03-01,119.0,119.0,Paid,,,,,,,policy_id not found in policies_clean.csv
TXN00004498,POL000613,2026-04-01,119.0,119.0,Paid,,,,,,,policy_id not found in policies_clean.csv
TXN00004499,POL000613,2026-05-01,119.0,119.0,Paid,,,,,,,policy_id not found in policies_clean.csv
TXN00004500,POL000613,2026-06-01,119.0,119.0,Paid,,,,,,,policy_id not found in policies_clean.csv
TXN00004771,POL000650,2026-01-01,235.2,235.2,Paid,,,,,,,policy_id not found in policies_clean.csv
TXN00004772,POL000650,2026-02-01,235.2,235.2,Paid,,,,,,,policy_id not found in policies_clean.csv
TXN00004773,POL000650,2026-03-01,235.2,235.2,Paid,,,,,,,policy_id not found in policies_clean.csv
TXN00004774,POL000650,2026-04-01,235.2,117.6,Partial,,,,,,,policy_id not found in policies_clean.csv
TXN00004775,POL000650,2026-05-01,235.2,235.2,Paid,,,,,,,policy_id not found in policies_clean.csv
TXN00004776,POL000650,2026-06-01,235.2,235.2,Paid,,,,,,,policy_id not found in policies_clean.csv
TXN00004975,POL000675,2026-03-01,37.25,37.25,Paid,PART002,Mzanzi Retail Fin.,PRD999,,,North West,product_id not found in products_clean.csv
TXN00004976,POL000675,2026-04-01,37.25,37.25,Paid,PART002,Mzanzi Retail Fin.,PRD999,,,North West,product_id not found in products_clean.csv
TXN00004977,POL000675,2026-05-01,37.25,37.25,Paid,PART002,Mzanzi Retail Fin.,PRD999,,,North West,product_id not found in products_clean.csv
TXN00004978,POL000675,2026-06-01,37.25,37.25,Paid,PART002,Mzanzi Retail Fin.,PRD999,,,North West,product_id not found in products_clean.csv
TXN00006086,POL000836,2025-12-01,685.44,685.44,Paid,,,,,,,policy_id not found in policies_clean.csv
TXN00006087,POL000836,2026-01-01,685.44,685.44,Paid,,,,,,,policy_id not found in policies_clean.csv
TXN00006088,POL000836,2026-02-01,685.44,685.44,Paid,,,,,,,policy_id not found in policies_clean.csv
TXN00006089,POL000836,2026-03-01,685.44,0.0,Failed,,,,,,,policy_id not found in policies_clean.csv
TXN00006090,POL000836,2026-04-01,685.44,685.44,Paid,,,,,,,policy_id not found in policies_clean.csv
TXN00006091,POL000836,2026-05-01,685.44,685.44,Paid,,,,,,,policy_id not found in policies_clean.csv
TXN00006092,POL000836,2026-06-01,685.44,0.0,Failed,,,,,,,policy_id not found in policies_clean.csv
TXN00006166,POL000845,2025-12-01,644.18,644.18,Paid,,,,,,,policy_id not found in policies_clean.csv
TXN00006167,POL000845,2026-01-01,644.18,644.18,Paid,,,,,,,policy_id not found in policies_clean.csv
TXN00006168,POL000845,2026-02-01,644.18,644.18,Paid,,,,,,,policy_id not found in policies_clean.csv
TXN00006352,POL000872,2025-12-01,197.28,197.28,Paid,,,,,,,policy_id not found in policies_clean.csv
TXN00006353,POL000872,2026-01-01,197.28,98.64,Partial,,,,,,,policy_id not found in policies_clean.csv
TXN00006354,POL000872,2026-02-01,197.28,197.28,Paid,,,,,,,policy_id not found in policies_clean.csv
TXN00006355,POL000872,2026-03-01,197.28,197.28,Paid,,,,,,,policy_id not found in policies_clean.csv
TXN00006356,POL000872,2026-04-01,197.28,197.28,Paid,,,,,,,policy_id not found in policies_clean.csv
TXN00006357,POL000872,2026-05-01,197.28,197.28,Paid,,,,,,,policy_id not found in policies_clean.csv
TXN00006358,POL000872,2026-06-01,197.28,197.28,Paid,,,,,,,policy_id not found in policies_clean.csv
TXN00006500,POL000894,2025-10-01,119.0,119.0,Paid,,,,,,,policy_id not found in policies_clean.csv
TXN00006501,POL000894,2025-11-01,119.0,119.0,Paid,,,,,,,policy_id not found in policies_clean.csv
TXN00006502,POL000894,2025-12-01,119.0,119.0,Paid,,,,,,,policy_id not found in policies_clean.csv
TXN00006503,POL000894,2026-01-01,119.0,119.0,Paid,,,,,,,policy_id not found in policies_clean.csv
TXN00006504,POL000894,2026-02-01,119.0,119.0,Paid,,,,,,,policy_id not found in policies_clean.csv
TXN00006505,POL000894,2026-03-01,119.0,119.0,Paid,,,,,,,policy_id not found in policies_clean.csv
TXN00006506,POL000894,2026-04-01,119.0,119.0,Paid,,,,,,,policy_id not found in policies_clean.csv
TXN00006507,POL000894,2026-05-01,119.0,119.0,Paid,,,,,,,policy_id not found in policies_clean.csv
TXN00006508,POL000894,2026-06-01,119.0,119.0,Paid,,,,,,,policy_id not found in policies_clean.csv
TXN00006992,POL000964,2025-11-01,881.1,881.1,Paid,,,,,,,policy_id not found in policies_clean.csv
TXN00006993,POL000964,2025-12-01,881.1,881.1,Paid,,,,,,,policy_id not found in policies_clean.csv
TXN00006994,POL000964,2026-01-01,881.1,881.1,Paid,,,,,,,policy_id not found in policies_clean.csv
TXN00006995,POL000964,2026-02-01,881.1,881.1,Paid,,,,,,,policy_id not found in policies_clean.csv
TXN00006996,POL000964,2026-03-01,881.1,881.1,Paid,,,,,,,policy_id not found in policies_clean.csv
TXN00006997,POL000964,2026-04-01,881.1,881.1,Paid,,,,,,,policy_id not found in policies_clean.csv
TXN00006998,POL000964,2026-05-01,881.1,881.1,Paid,,,,,,,policy_id not found in policies_clean.csv
TXN00006999,POL000964,2026-06-01,881.1,881.1,Paid,,,,,,,policy_id not found in policies_clean.csv
TXN00007103,POL000979,2025-10-01,111.36,111.36,Paid,,,,,,,policy_id not found in policies_clean.csv
TXN00007104,POL000979,2025-11-01,111.36,111.36,Paid,,,,,,,policy_id not found in policies_clean.csv
TXN00007105,POL000979,2025-12-01,111.36,111.36,Paid,,,,,,,policy_id not found in policies_clean.csv
TXN00007106,POL000979,2026-01-01,111.36,111.36,Paid,,,,,,,policy_id not found in policies_clean.csv
TXN00007107,POL000979,2026-02-01,111.36,111.36,Paid,,,,,,,policy_id not found in policies_clean.csv
TXN00007108,POL000979,2026-03-01,111.36,111.36,Paid,,,,,,,policy_id not found in policies_clean.csv
TXN00007109,POL000979,2026-04-01,111.36,111.36,Paid,,,,,,,policy_id not found in policies_clean.csv
TXN00007110,POL000979,2026-05-01,111.36,111.36,Paid,,,,,,,policy_id not found in policies_clean.csv
TXN00007111,POL000979,2026-06-01,111.36,111.36,Paid,,,,,,,policy_id not found in policies_clean.csv
TXN00008054,POL001111,2025-11-01,111.75,111.75,Paid,PART002,Mzanzi Retail Fin.,PRD999,,,Limpopo,product_id not found in products_clean.csv
TXN00008055,POL001111,2025-12-01,111.75,111.75,Paid,PART002,Mzanzi Retail Fin.,PRD999,,,Limpopo,product_id not found in products_clean.csv
TXN00008056,POL001111,2026-01-01,111.75,0.0,Failed,PART002,Mzanzi Retail Fin.,PRD999,,,Limpopo,product_id not found in products_clean.csv
TXN00008057,POL001111,2026-02-01,111.75,111.75,Paid,PART002,Mzanzi Retail Fin.,PRD999,,,Limpopo,product_id not found in products_clean.csv
TXN00008058,POL001111,2026-03-01,111.75,111.75,Paid,PART002,Mzanzi Retail Fin.,PRD999,,,Limpopo,product_id not found in products_clean.csv
TXN00008325,POL001146,2025-10-01,119.0,119.0,Paid,,,,,,,policy_id not found in policies_clean.csv
TXN00008326,POL001146,2025-11-01,119.0,119.0,Paid,,,,,,,policy_id not found in policies_clean.csv
TXN00008327,POL001146,2025-12-01,119.0,119.0,Paid,,,,,,,policy_id not found in policies_clean.csv
TXN00008328,POL001146,2026-01-01,119.0,119.0,Paid,,,,,,,policy_id not found in policies_clean.csv
TXN00008329,POL001146,2026-02-01,119.0,119.0,Paid,,,,,,,policy_id not found in policies_clean.csv
TXN00008330,POL001146,2026-03-01,119.0,119.0,Paid,,,,,,,policy_id not found in policies_clean.csv
TXN00008331,POL001146,2026-04-01,119.0,119.0,Paid,,,,,,,policy_id not found in policies_clean.csv
TXN00008332,POL001146,2026-05-01,119.0,119.0,Paid,,,,,,,policy_id not found in policies_clean.csv
TXN00008333,POL001146,2026-06-01,119.0,119.0,Paid,,,,,,,policy_id not found in policies_clean.csv
TXN00008450,POL001166,2026-03-01,44.5,44.5,Paid,,,,,,,policy_id not found in policies_clean.csv
TXN00008451,POL001166,2026-04-01,44.5,0.0,Failed,,,,,,,policy_id not found in policies_clean.csv
TXN00008452,POL001166,2026-05-01,44.5,44.5,Paid,,,,,,,policy_id not found in policies_clean.csv
TXN00008453,POL001166,2026-06-01,44.5,44.5,Paid,,,,,,,policy_id not found in policies_clean.csv
TXN00009142,POL001261,2025-09-01,111.75,111.75,Paid,PART002,Mzanzi Retail Fin.,PRD999,,,Limpopo,product_id not found in products_clean.csv
TXN00009143,POL001261,2025-10-01,111.75,111.75,Paid,PART002,Mzanzi Retail Fin.,PRD999,,,Limpopo,product_id not found in products_clean.csv
TXN00009144,POL001261,2025-11-01,111.75,111.75,Paid,PART002,Mzanzi Retail Fin.,PRD999,,,Limpopo,product_id not found in products_clean.csv
TXN00009145,POL001261,2025-12-01,111.75,111.75,Paid,PART002,Mzanzi Retail Fin.,PRD999,,,Limpopo,product_id not found in products_clean.csv
TXN00009146,POL001261,2026-01-01,111.75,111.75,Paid,PART002,Mzanzi Retail Fin.,PRD999,,,Limpopo,product_id not found in products_clean.csv
TXN00009147,POL001261,2026-02-01,111.75,111.75,Paid,PART002,Mzanzi Retail Fin.,PRD999,,,Limpopo,product_id not found in products_clean.csv
TXN00009148,POL001261,2026-03-01,111.75,111.75,Paid,PART002,Mzanzi Retail Fin.,PRD999,,,Limpopo,product_id not found in products_clean.csv
TXN00009577,POL001323,2025-09-01,108.0,108.0,Paid,,,,,,,policy_id not found in policies_clean.csv
TXN00009578,POL001323,2025-10-01,108.0,108.0,Paid,,,,,,,policy_id not found in policies_clean.csv
TXN00009579,POL001323,2025-11-01,108.0,108.0,Paid,,,,,,,policy_id not found in policies_clean.csv
TXN00009580,POL001323,2025-12-01,108.0,108.0,Paid,,,,,,,policy_id not found in policies_clean.csv
TXN00009581,POL001323,2026-01-01,108.0,108.0,Paid,,,,,,,policy_id not found in policies_clean.csv
TXN00009582,POL001323,2026-02-01,108.0,108.0,Paid,,,,,,,policy_id not found in policies_clean.csv
TXN00009583,POL001323,2026-03-01,108.0,108.0,Paid,,,,,,,policy_id not found in policies_clean.csv
TXN00009584,POL001323,2026-04-01,108.0,108.0,Paid,,,,,,,policy_id not found in policies_clean.csv
TXN00009585,POL001323,2026-05-01,108.0,108.0,Paid,,,,,,,policy_id not found in policies_clean.csv
TXN00009586,POL001323,2026-06-01,108.0,108.0,Paid,,,,,,,policy_id not found in policies_clean.csv
TXN00010360,POL001432,2025-07-01,37.25,37.25,Paid,,,,,,,policy_id not found in policies_clean.csv
TXN00010361,POL001432,2025-08-01,37.25,37.25,Paid,,,,,,,policy_id not found in policies_clean.csv
TXN00010362,POL001432,2025-09-01,37.25,37.25,Paid,,,,,,,policy_id not found in policies_clean.csv
TXN00010363,POL001432,2025-10-01,37.25,37.25,Paid,,,,,,,policy_id not found in policies_clean.csv
TXN00010364,POL001432,2025-11-01,37.25,37.25,Paid,,,,,,,policy_id not found in policies_clean.csv
TXN00010365,POL001432,2025-12-01,37.25,0.0,Failed,,,,,,,policy_id not found in policies_clean.csv
TXN00010366,POL001432,2026-01-01,37.25,37.25,Paid,,,,,,,policy_id not found in policies_clean.csv
TXN00010367,POL001432,2026-02-01,37.25,37.25,Paid,,,,,,,policy_id not found in policies_clean.csv
TXN00010368,POL001432,2026-03-01,37.25,37.25,Paid,,,,,,,policy_id not found in policies_clean.csv
TXN00010369,POL001432,2026-04-01,37.25,37.25,Paid,,,,,,,policy_id not found in policies_clean.csv
TXN00010370,POL001432,2026-05-01,37.25,37.25,Paid,,,,,,,policy_id not found in policies_clean.csv
TXN00010371,POL001432,2026-06-01,37.25,37.25,Paid,,,,,,,policy_id not found in policies_clean.csv
TXN00010971,POL001515,2025-09-01,79.33,79.33,Paid,,,,,,,policy_id not found in policies_clean.csv
TXN00010972,POL001515,2025-10-01,79.33,79.33,Paid,,,,,,,policy_id not found in policies_clean.csv
TXN00010973,POL001515,2025-11-01,79.33,79.33,Paid,,,,,,,policy_id not found in policies_clean.csv
TXN00010974,POL001515,2025-12-01,79.33,79.33,Paid,,,,,,,policy_id not found in policies_clean.csv
TXN00010975,POL001515,2026-01-01,79.33,79.33,Paid,,,,,,,policy_id not found in policies_clean.csv
TXN00010976,POL001515,2026-02-01,79.33,79.33,Paid,,,,,,,policy_id not found in policies_clean.csv
TXN00010977,POL001515,2026-03-01,79.33,79.33,Paid,,,,,,,policy_id not found in policies_clean.csv
TXN00010978,POL001515,2026-04-01,79.33,79.33,Paid,,,,,,,policy_id not found in policies_clean.csv
TXN00010979,POL001515,2026-05-01,79.33,79.33,Paid,,,,,,,policy_id not found in policies_clean.csv
TXN00011851,POL001639,2025-12-01,263.13,263.13,Paid,,,,,,,policy_id not found in policies_clean.csv
TXN00011852,POL001639,2026-01-01,263.13,263.13,Paid,,,,,,,policy_id not found in policies_clean.csv
TXN00011853,POL001639,2026-02-01,263.13,263.13,Paid,,,,,,,policy_id not found in policies_clean.csv
TXN00011854,POL001639,2026-03-01,263.13,263.13,Paid,,,,,,,policy_id not found in policies_clean.csv
TXN00011855,POL001639,2026-04-01,263.13,263.13,Paid,,,,,,,policy_id not found in policies_clean.csv
TXN00011856,POL001639,2026-05-01,263.13,263.13,Paid,,,,,,,policy_id not found in policies_clean.csv
TXN00011857,POL001639,2026-06-01,263.13,263.13,Paid,,,,,,,policy_id not found in policies_clean.csv
TXN00011876,POL001642,2025-10-01,190.56,190.56,Paid,,,,,,,policy_id not found in policies_clean.csv
TXN00011877,POL001642,2025-11-01,190.56,190.56,Paid,,,,,,,policy_id not found in policies_clean.csv
TXN00011878,POL001642,2025-12-01,190.56,190.56,Paid,,,,,,,policy_id not found in policies_clean.csv
TXN00011879,POL001642,2026-01-01,190.56,190.56,Paid,,,,,,,policy_id not found in policies_clean.csv
TXN00011880,POL001642,2026-02-01,190.56,190.56,Paid,,,,,,,policy_id not found in policies_clean.csv
TXN00011881,POL001642,2026-03-01,190.56,190.56,Paid,,,,,,,policy_id not found in policies_clean.csv
TXN00011882,POL001642,2026-04-01,190.56,190.56,Paid,,,,,,,policy_id not found in policies_clean.csv
TXN00011883,POL001642,2026-05-01,190.56,190.56,Paid,,,,,,,policy_id not found in policies_clean.csv
TXN00011884,POL001642,2026-06-01,190.56,190.56,Paid,,,,,,,policy_id not found in policies_clean.csv
TXN00012244,POL001692,2025-09-01,133.5,133.5,Paid,PART002,Mzanzi Retail Fin.,PRD999,,,KwaZulu-Natal,product_id not found in products_clean.csv
TXN00012245,POL001692,2025-10-01,133.5,133.5,Paid,PART002,Mzanzi Retail Fin.,PRD999,,,KwaZulu-Natal,product_id not found in products_clean.csv
TXN00012246,POL001692,2025-11-01,133.5,133.5,Paid,PART002,Mzanzi Retail Fin.,PRD999,,,KwaZulu-Natal,product_id not found in products_clean.csv
TXN00012247,POL001692,2025-12-01,133.5,133.5,Paid,PART002,Mzanzi Retail Fin.,PRD999,,,KwaZulu-Natal,product_id not found in products_clean.csv
TXN00012248,POL001692,2026-01-01,133.5,133.5,Paid,PART002,Mzanzi Retail Fin.,PRD999,,,KwaZulu-Natal,product_id not found in products_clean.csv
TXN00012249,POL001692,2026-02-01,133.5,133.5,Paid,PART002,Mzanzi Retail Fin.,PRD999,,,KwaZulu-Natal,product_id not found in products_clean.csv
TXN00012250,POL001692,2026-03-01,133.5,133.5,Paid,PART002,Mzanzi Retail Fin.,PRD999,,,KwaZulu-Natal,product_id not found in products_clean.csv
TXN00012251,POL001692,2026-04-01,133.5,133.5,Paid,PART002,Mzanzi Retail Fin.,PRD999,,,KwaZulu-Natal,product_id not found in products_clean.csv
TXN00012252,POL001692,2026-05-01,133.5,133.5,Paid,PART002,Mzanzi Retail Fin.,PRD999,,,KwaZulu-Natal,product_id not found in products_clean.csv
TXN00012253,POL001692,2026-06-01,133.5,133.5,Paid,PART002,Mzanzi Retail Fin.,PRD999,,,KwaZulu-Natal,product_id not found in products_clean.csv
TXN00012817,POL001772,2025-11-01,308.55,308.55,Paid,,,,,,,policy_id not found in policies_clean.csv
TXN00012818,POL001772,2025-12-01,308.55,308.55,Paid,,,,,,,policy_id not found in policies_clean.csv
TXN00012819,POL001772,2026-01-01,308.55,308.55,Paid,,,,,,,policy_id not found in policies_clean.csv
TXN00012820,POL001772,2026-02-01,308.55,308.55,Paid,,,,,,,policy_id not found in policies_clean.csv
TXN00012821,POL001772,2026-03-01,308.55,308.55,Paid,,,,,,,policy_id not found in policies_clean.csv
TXN00012890,POL001783,2025-08-01,1088.34,1088.34,Paid,,,,,,,policy_id not found in policies_clean.csv
TXN00012891,POL001783,2025-09-01,1088.34,1088.34,Paid,,,,,,,policy_id not found in policies_clean.csv
TXN00012892,POL001783,2025-10-01,1088.34,1088.34,Paid,,,,,,,policy_id not found in policies_clean.csv
TXN00012893,POL001783,2025-11-01,1088.34,1088.34,Paid,,,,,,,policy_id not found in policies_clean.csv
TXN00012894,POL001783,2025-12-01,1088.34,1088.34,Paid,,,,,,,policy_id not found in policies_clean.csv
TXN00012895,POL001783,2026-01-01,1088.34,1088.34,Paid,,,,,,,policy_id not found in policies_clean.csv
TXN00012896,POL001783,2026-02-01,1088.34,1088.34,Paid,,,,,,,policy_id not found in policies_clean.csv
TXN00013015,POL001801,2025-08-01,202.56,202.56,Paid,,,,,,,policy_id not found in policies_clean.csv
TXN00013016,POL001801,2025-09-01,202.56,202.56,Paid,,,,,,,policy_id not found in policies_clean.csv
TXN00013017,POL001801,2025-10-01,202.56,202.56,Paid,,,,,,,policy_id not found in policies_clean.csv
TXN00013018,POL001801,2025-11-01,202.56,202.56,Paid,,,,,,,policy_id not found in policies_clean.csv
TXN00013019,POL001801,2025-12-01,202.56,202.56,Paid,,,,,,,policy_id not found in policies_clean.csv
TXN00013020,POL001801,2026-01-01,202.56,202.56,Paid,,,,,,,policy_id not found in policies_clean.csv
TXN00013446,POL001861,2025-08-01,593.34,593.34,Paid,,,,,,,policy_id not found in policies_clean.csv
TXN00013447,POL001861,2025-09-01,593.34,593.34,Paid,,,,,,,policy_id not found in policies_clean.csv
TXN00013448,POL001861,2025-10-01,593.34,593.34,Paid,,,,,,,policy_id not found in policies_clean.csv
TXN00013449,POL001861,2025-11-01,593.34,593.34,Paid,,,,,,,policy_id not found in policies_clean.csv
TXN00013450,POL001861,2025-12-01,593.34,593.34,Paid,,,,,,,policy_id not found in policies_clean.csv
TXN00013451,POL001861,2026-01-01,593.34,593.34,Paid,,,,,,,policy_id not found in policies_clean.csv
TXN00013452,POL001861,2026-02-01,593.34,593.34,Paid,,,,,,,policy_id not found in policies_clean.csv
TXN00013453,POL001861,2026-03-01,593.34,593.34,Paid,,,,,,,policy_id not found in policies_clean.csv
TXN00013483,POL001866,2026-02-01,188.64,188.64,Paid,,,,,,,policy_id not found in policies_clean.csv
TXN00013484,POL001866,2026-03-01,188.64,188.64,Paid,,,,,,,policy_id not found in policies_clean.csv
TXN00013485,POL001866,2026-04-01,188.64,188.64,Paid,,,,,,,policy_id not found in policies_clean.csv
TXN00013486,POL001866,2026-05-01,188.64,188.64,Paid,,,,,,,policy_id not found in policies_clean.csv
TXN00013487,POL001866,2026-06-01,188.64,188.64,Paid,,,,,,,policy_id not found in policies_clean.csv
TXN00013565,POL001878,2025-08-01,143.0,143.0,Paid,,,,,,,policy_id not found in policies_clean.csv
TXN00013566,POL001878,2025-09-01,143.0,143.0,Paid,,,,,,,policy_id not found in policies_clean.csv
TXN00013567,POL001878,2025-10-01,143.0,143.0,Paid,,,,,,,policy_id not found in policies_clean.csv
TXN00013568,POL001878,2025-11-01,143.0,143.0,Paid,,,,,,,policy_id not found in policies_clean.csv
TXN00013569,POL001878,2025-12-01,143.0,143.0,Paid,,,,,,,policy_id not found in policies_clean.csv
TXN00013570,POL001878,2026-01-01,143.0,143.0,Paid,,,,,,,policy_id not found in policies_clean.csv
TXN00013571,POL001878,2026-02-01,143.0,143.0,Paid,,,,,,,policy_id not found in policies_clean.csv
TXN00013572,POL001878,2026-03-01,143.0,143.0,Paid,,,,,,,policy_id not found in policies_clean.csv
TXN00013573,POL001878,2026-04-01,143.0,143.0,Paid,,,,,,,policy_id not found in policies_clean.csv
TXN00013574,POL001878,2026-05-01,143.0,143.0,Paid,,,,,,,policy_id not found in policies_clean.csv
TXN00013575,POL001878,2026-06-01,143.0,143.0,Paid,,,,,,,policy_id not found in policies_clean.csv
TXN00013668,POL001891,2025-09-01,617.89,617.89,Paid,PART004,Khula Bank,PRD999,,,North West,product_id not found in products_clean.csv
TXN00013669,POL001891,2025-10-01,617.89,0.0,Failed,PART004,Khula Bank,PRD999,,,North West,product_id not found in products_clean.csv
TXN00013670,POL001891,2025-11-01,617.89,617.89,Paid,PART004,Khula Bank,PRD999,,,North West,product_id not found in products_clean.csv
TXN00013671,POL001891,2025-12-01,617.89,617.89,Paid,PART004,Khula Bank,PRD999,,,North West,product_id not found in products_clean.csv
TXN00013672,POL001891,2026-01-01,617.89,617.89,Paid,PART004,Khula Bank,PRD999,,,North West,product_id not found in products_clean.csv
TXN00013740,POL001900,2025-12-01,89.0,89.0,Paid,PART002,Mzanzi Retail Fin.,PRD999,,,Gauteng,product_id not found in products_clean.csv
TXN00013741,POL001900,2026-01-01,89.0,89.0,Paid,PART002,Mzanzi Retail Fin.,PRD999,,,Gauteng,product_id not found in products_clean.csv
TXN00013742,POL001900,2026-02-01,89.0,89.0,Paid,PART002,Mzanzi Retail Fin.,PRD999,,,Gauteng,product_id not found in products_clean.csv
TXN00013743,POL001900,2026-03-01,89.0,89.0,Paid,PART002,Mzanzi Retail Fin.,PRD999,,,Gauteng,product_id not found in products_clean.csv
TXN00013744,POL001900,2026-04-01,89.0,89.0,Paid,PART002,Mzanzi Retail Fin.,PRD999,,,Gauteng,product_id not found in products_clean.csv
TXN00013745,POL001900,2026-05-01,89.0,89.0,Paid,PART002,Mzanzi Retail Fin.,PRD999,,,Gauteng,product_id not found in products_clean.csv
TXN00013746,POL001900,2026-06-01,89.0,89.0,Paid,PART002,Mzanzi Retail Fin.,PRD999,,,Gauteng,product_id not found in products_clean.csv
TXN00014106,POL001950,2025-12-01,158.67,158.67,Paid,,,,,,,policy_id not found in policies_clean.csv
TXN00014107,POL001950,2026-01-01,158.67,158.67,Paid,,,,,,,policy_id not found in policies_clean.csv
TXN00014108,POL001950,2026-02-01,158.67,158.67,Paid,,,,,,,policy_id not found in policies_clean.csv
TXN00014109,POL001950,2026-03-01,158.67,158.67,Paid,,,,,,,policy_id not found in policies_clean.csv
TXN00014110,POL001950,2026-04-01,158.67,158.67,Paid,,,,,,,policy_id not found in policies_clean.csv
TXN00014111,POL001950,2026-05-01,158.67,158.67,Paid,,,,,,,policy_id not found in policies_clean.csv
TXN00014112,POL001950,2026-06-01,158.67,0.0,Failed,,,,,,,policy_id not found in policies_clean.csv
TXN00014398,POL001989,2025-11-01,336.48,336.48,Paid,PART001,Ubuntu Credit,PRD999,,,Mpumalanga,product_id not found in products_clean.csv
TXN00014399,POL001989,2025-12-01,336.48,336.48,Paid,PART001,Ubuntu Credit,PRD999,,,Mpumalanga,product_id not found in products_clean.csv
TXN00014400,POL001989,2026-01-01,336.48,336.48,Paid,PART001,Ubuntu Credit,PRD999,,,Mpumalanga,product_id not found in products_clean.csv
TXN00014401,POL001989,2026-02-01,336.48,336.48,Paid,PART001,Ubuntu Credit,PRD999,,,Mpumalanga,product_id not found in products_clean.csv
TXN00014402,POL001989,2026-03-01,336.48,336.48,Paid,PART001,Ubuntu Credit,PRD999,,,Mpumalanga,product_id not found in products_clean.csv
TXN00014403,POL001989,2026-04-01,336.48,336.48,Paid,PART001,Ubuntu Credit,PRD999,,,Mpumalanga,product_id not found in products_clean.csv
TXN00014404,POL001989,2026-05-01,336.48,336.48,Paid,PART001,Ubuntu Credit,PRD999,,,Mpumalanga,product_id not found in products_clean.csv
TXN00014405,POL001989,2026-06-01,336.48,336.48,Paid,PART001,Ubuntu Credit,PRD999,,,Mpumalanga,product_id not found in products_clean.csv
TXN00014948,POL002064,2026-03-01,178.0,178.0,Paid,,,,,,,policy_id not found in policies_clean.csv
TXN00014949,POL002064,2026-04-01,178.0,178.0,Paid,,,,,,,policy_id not found in policies_clean.csv
TXN00014950,POL002064,2026-05-01,178.0,178.0,Paid,,,,,,,policy_id not found in policies_clean.csv
TXN00014951,POL002064,2026-06-01,178.0,178.0,Paid,,,,,,,policy_id not found in policies_clean.csv
TXN00015838,POL002192,2026-02-01,39.67,39.67,Paid,,,,,,,policy_id not found in policies_clean.csv
TXN00015839,POL002192,2026-03-01,39.67,39.67,Paid,,,,,,,policy_id not found in policies_clean.csv
TXN00015840,POL002192,2026-04-01,39.67,39.67,Paid,,,,,,,policy_id not found in policies_clean.csv
TXN00015841,POL002192,2026-05-01,39.67,39.67,Paid,,,,,,,policy_id not found in policies_clean.csv
TXN00015842,POL002192,2026-06-01,39.67,39.67,Paid,,,,,,,policy_id not found in policies_clean.csv
TXN00016193,POL002243,2026-02-01,79.33,79.33,Paid,,,,,,,policy_id not found in policies_clean.csv
TXN00016194,POL002243,2026-03-01,79.33,79.33,Paid,,,,,,,policy_id not found in policies_clean.csv
TXN00016195,POL002243,2026-04-01,79.33,79.33,Paid,,,,,,,policy_id not found in policies_clean.csv
TXN00016196,POL002243,2026-05-01,79.33,79.33,Paid,,,,,,,policy_id not found in policies_clean.csv
TXN00016197,POL002243,2026-06-01,79.33,79.33,Paid,,,,,,,policy_id not found in policies_clean.csv
TXN_BAD001,POL999001,2026-05-01,120.0,120.0,Paid,,,,,,,policy_id not found in policies_clean.csv
TXN_BAD002,POL999002,2026-05-01,120.0,120.0,Paid,,,,,,,policy_id not found in policies_clean.csv
TXN_BAD003,POL999003,2026-05-01,120.0,120.0,Paid,,,,,,,policy_id not found in policies_clean.csv
TXN_BAD004,POL999004,2026-05-01,120.0,120.0,Paid,,,,,,,policy_id not found in policies_clean.csv
TXN_BAD005,POL999005,2026-05-01,120.0,120.0,Paid,,,,,,,policy_id not found in policies_clean.csv
TXN_BAD006,POL999006,2026-05-01,120.0,120.0,Paid,,,,,,,policy_id not found in policies_clean.csv
TXN_BAD007,POL999007,2026-05-01,120.0,120.0,Paid,,,,,,,policy_id not found in policies_clean.csv
TXN_BAD008,POL999008,2026-05-01,120.0,120.0,Paid,,,,,,,policy_id not found in policies_clean.csv
