month,partner_id,partner_name,product_id,product_name,product_type,province,total_policies,active_policies,lapsed_policies,cancelled_policies,total_cover_amount,average_cover_amount,total_monthly_premium,average_monthly_premium,active_policy_pct,lapsed_policy_pct,cancelled_policy_pct
2025-07-01,PART001,Ubuntu Credit,PRD001,Credit Life Basic,Credit Life,Eastern Cape,1,0,1,0,50800.0,50800.0,243.84,243.84,0.0,100.0,0.0
2025-07-01,PART001,Ubuntu Credit,PRD001,Credit Life Basic,Credit Life,Gauteng,5,5,0,0,256400.0,51280.0,1230.72,246.14,100.0,0.0,0.0
2025-07-01,PART001,Ubuntu Credit,PRD001,Credit Life Basic,Credit Life,KwaZulu-Natal,8,7,1,0,382500.0,47812.5,1836.0,229.5,87.5,12.5,0.0
2025-07-01,PART001,Ubuntu Credit,PRD001,Credit Life Basic,Credit Life,Limpopo,5,3,2,0,226800.0,45360.0,1088.64,217.73,60.0,40.0,0.0
2025-07-01,PART001,Ubuntu Credit,PRD001,Credit Life Basic,Credit Life,Mpumalanga,1,1,0,0,21200.0,21200.0,101.76,101.76,100.0,0.0,0.0
2025-07-01,PART001,Ubuntu Credit,PRD001,Credit Life Basic,Credit Life,North West,1,1,0,0,34400.0,34400.0,165.12,165.12,100.0,0.0,0.0
2025-07-01,PART001,Ubuntu Credit,PRD001,Credit Life Basic,Credit Life,Western Cape,4,3,1,0,197400.0,49350.0,947.52,236.88,75.0,25.0,0.0
2025-07-01,PART001,Ubuntu Credit,PRD002,Credit Life Plus,Credit Life,Eastern Cape,1,0,1,0,127900.0,127900.0,792.98,792.98,0.0,100.0,0.0
2025-07-01,PART001,Ubuntu Credit,PRD002,Credit Life Plus,Credit Life,Gauteng,8,6,2,0,936400.0,117050.0,5805.68,725.71,75.0,25.0,0.0
2025-07-01,PART001,Ubuntu Credit,PRD002,Credit Life Plus,Credit Life,KwaZulu-Natal,4,4,0,0,399100.0,99775.0,2474.42,618.6,100.0,0.0,0.0
2025-07-01,PART001,Ubuntu Credit,PRD002,Credit Life Plus,Credit Life,Limpopo,1,1,0,0,123300.0,123300.0,764.46,764.46,100.0,0.0,0.0
2025-07-01,PART001,Ubuntu Credit,PRD002,Credit Life Plus,Credit Life,North West,2,1,1,0,199600.0,99800.0,1237.52,618.76,50.0,50.0,0.0
2025-07-01,PART001,Ubuntu Credit,PRD002,Credit Life Plus,Credit Life,Western Cape,7,5,2,0,665800.0,95114.29,4127.96,589.71,71.43,28.57,0.0
2025-07-01,PART002,Mzanzi Retail Fin.,PRD003,Retail funeral,Funeral,Eastern Cape,2,1,1,0,50000.0,25000.0,89.0,44.5,50.0,50.0,0.0
2025-07-01,PART002,Mzanzi Retail Fin.,PRD003,Retail funeral,Funeral,Free State,2,2,0,0,100000.0,50000.0,178.0,89.0,100.0,0.0,0.0
2025-07-01,PART002,Mzanzi Retail Fin.,PRD003,Retail funeral,Funeral,Gauteng,10,9,1,0,825000.0,82500.0,1468.5,146.85,90.0,10.0,0.0
2025-07-01,PART002,Mzanzi Retail Fin.,PRD003,Retail funeral,Funeral,KwaZulu-Natal,5,4,1,0,375000.0,75000.0,667.5,133.5,80.0,20.0,0.0
2025-07-01,PART002,Mzanzi Retail Fin.,PRD003,Retail funeral,Funeral,Mpumalanga,2,2,0,0,50000.0,25000.0,89.0,44.5,100.0,0.0,0.0
2025-07-01,PART002,Mzanzi Retail Fin.,PRD003,Retail funeral,Funeral,Western Cape,8,5,1,2,475000.0,59375.0,845.5,105.69,62.5,12.5,25.0
2025-07-01,PART002,Mzanzi Retail Fin.,PRD004,Family Funeral Plus,Funeral,Eastern Cape,1,1,0,0,50000.0,50000.0,74.5,74.5,100.0,0.0,0.0
2025-07-01,PART002,Mzanzi Retail Fin.,PRD004,Family Funeral Plus,Funeral,Free State,3,3,0,0,225000.0,75000.0,335.25,111.75,100.0,0.0,0.0
2025-07-01,PART002,Mzanzi Retail Fin.,PRD004,Family Funeral Plus,Funeral,Gauteng,11,11,0,0,600000.0,54545.45,894.0,81.27,100.0,0.0,0.0
2025-07-01,PART002,Mzanzi Retail Fin.,PRD004,Family Funeral Plus,Funeral,KwaZulu-Natal,4,3,1,0,225000.0,56250.0,335.25,83.81,75.0,25.0,0.0
2025-07-01,PART002,Mzanzi Retail Fin.,PRD004,Family Funeral Plus,Funeral,Limpopo,1,1,0,0,25000.0,25000.0,37.25,37.25,100.0,0.0,0.0
2025-07-01,PART002,Mzanzi Retail Fin.,PRD004,Family Funeral Plus,Funeral,Mpumalanga,2,0,1,1,125000.0,62500.0,186.25,93.12,0.0,50.0,50.0
2025-07-01,PART002,Mzanzi Retail Fin.,PRD004,Family Funeral Plus,Funeral,North West,2,2,0,0,50000.0,25000.0,74.5,37.25,100.0,0.0,0.0
2025-07-01,PART002,Mzanzi Retail Fin.,PRD004,Family Funeral Plus,Funeral,Western Cape,2,2,0,0,100000.0,50000.0,149.0,74.5,100.0,0.0,0.0
2025-07-01,PART003,Lighthouse Loans,PRD005,Loan Protection,Credit Life,Eastern Cape,3,2,1,0,190800.0,63600.0,1049.4,349.8,66.67,33.33,0.0
2025-07-01,PART003,Lighthouse Loans,PRD005,Loan Protection,Credit Life,Gauteng,14,12,2,0,895000.0,63928.57,4922.5,351.61,85.71,14.29,0.0
2025-07-01,PART003,Lighthouse Loans,PRD005,Loan Protection,Credit Life,KwaZulu-Natal,1,1,0,0,42400.0,42400.0,233.2,233.2,100.0,0.0,0.0
2025-07-01,PART003,Lighthouse Loans,PRD005,Loan Protection,Credit Life,Limpopo,2,2,0,0,177900.0,88950.0,978.45,489.22,100.0,0.0,0.0
2025-07-01,PART003,Lighthouse Loans,PRD005,Loan Protection,Credit Life,Mpumalanga,1,1,0,0,48700.0,48700.0,267.85,267.85,100.0,0.0,0.0
2025-07-01,PART003,Lighthouse Loans,PRD005,Loan Protection,Credit Life,North West,1,0,1,0,87500.0,87500.0,481.25,481.25,0.0,100.0,0.0
2025-07-01,PART003,Lighthouse Loans,PRD005,Loan Protection,Credit Life,Western Cape,1,1,0,0,52300.0,52300.0,287.65,287.65,100.0,0.0,0.0
2025-07-01,PART003,Lighthouse Loans,PRD006,Loan Protection Plus,Credit Life,Eastern Cape,2,2,0,0,312000.0,156000.0,2059.2,1029.6,100.0,0.0,0.0
2025-07-01,PART003,Lighthouse Loans,PRD006,Loan Protection Plus,Credit Life,Free State,2,2,0,0,286400.0,143200.0,1890.24,945.12,100.0,0.0,0.0
2025-07-01,PART003,Lighthouse Loans,PRD006,Loan Protection Plus,Credit Life,Gauteng,3,2,1,0,214200.0,71400.0,1413.72,471.24,66.67,33.33,0.0
2025-07-01,PART003,Lighthouse Loans,PRD006,Loan Protection Plus,Credit Life,KwaZulu-Natal,3,2,1,0,395600.0,131866.67,2610.96,870.32,66.67,33.33,0.0
2025-07-01,PART003,Lighthouse Loans,PRD006,Loan Protection Plus,Credit Life,Limpopo,2,2,0,0,241700.0,120850.0,1595.22,797.61,100.0,0.0,0.0
2025-07-01,PART003,Lighthouse Loans,PRD006,Loan Protection Plus,Credit Life,North West,4,3,1,0,622300.0,155575.0,4107.18,1026.8,75.0,25.0,0.0
2025-07-01,PART003,Lighthouse Loans,PRD006,Loan Protection Plus,Credit Life,Western Cape,2,2,0,0,252600.0,126300.0,1667.16,833.58,100.0,0.0,0.0
2025-07-01,PART004,Khula Bank,PRD007,Bank Credit Protect,Credit Life,Eastern Cape,3,3,0,0,309000.0,103000.0,1514.1,504.7,100.0,0.0,0.0
2025-07-01,PART004,Khula Bank,PRD007,Bank Credit Protect,Credit Life,Free State,1,0,1,0,104800.0,104800.0,513.52,513.52,0.0,100.0,0.0
2025-07-01,PART004,Khula Bank,PRD007,Bank Credit Protect,Credit Life,Gauteng,15,14,1,0,1641100.0,109406.67,8041.39,536.09,93.33,6.67,0.0
2025-07-01,PART004,Khula Bank,PRD007,Bank Credit Protect,Credit Life,KwaZulu-Natal,5,2,1,2,489800.0,97960.0,2400.02,480.0,40.0,20.0,40.0
2025-07-01,PART004,Khula Bank,PRD007,Bank Credit Protect,Credit Life,Limpopo,2,2,0,0,272900.0,136450.0,1337.21,668.6,100.0,0.0,0.0
2025-07-01,PART004,Khula Bank,PRD007,Bank Credit Protect,Credit Life,Mpumalanga,2,2,0,0,290000.0,145000.0,1421.0,710.5,100.0,0.0,0.0
2025-07-01,PART004,Khula Bank,PRD007,Bank Credit Protect,Credit Life,North West,2,1,1,0,287300.0,143650.0,1407.77,703.88,50.0,50.0,0.0
2025-07-01,PART004,Khula Bank,PRD007,Bank Credit Protect,Credit Life,Western Cape,8,7,1,0,1062900.0,132862.5,5208.21,651.03,87.5,12.5,0.0
2025-07-01,PART004,Khula Bank,PRD008,Bank Funeral,Funeral,Eastern Cape,1,1,0,0,100000.0,100000.0,158.67,158.67,100.0,0.0,0.0
2025-07-01,PART004,Khula Bank,PRD008,Bank Funeral,Funeral,Free State,2,2,0,0,125000.0,62500.0,198.34,99.17,100.0,0.0,0.0
2025-07-01,PART004,Khula Bank,PRD008,Bank Funeral,Funeral,Gauteng,13,13,0,0,825000.0,63461.54,1309.01,100.69,100.0,0.0,0.0
2025-07-01,PART004,Khula Bank,PRD008,Bank Funeral,Funeral,KwaZulu-Natal,4,3,1,0,200000.0,50000.0,317.33,79.33,75.0,25.0,0.0
2025-07-01,PART004,Khula Bank,PRD008,Bank Funeral,Funeral,Limpopo,1,1,0,0,25000.0,25000.0,39.67,39.67,100.0,0.0,0.0
2025-07-01,PART004,Khula Bank,PRD008,Bank Funeral,Funeral,North West,1,1,0,0,75000.0,75000.0,119.0,119.0,100.0,0.0,0.0
2025-07-01,PART004,Khula Bank,PRD008,Bank Funeral,Funeral,Western Cape,5,5,0,0,375000.0,75000.0,595.01,119.0,100.0,0.0,0.0
2025-07-01,PART005,Nala Mobility Finance,PRD009,Vehicle Credit Protect,Credit Life,Eastern Cape,1,0,1,0,258100.0,258100.0,1084.02,1084.02,0.0,100.0,0.0
2025-07-01,PART005,Nala Mobility Finance,PRD009,Vehicle Credit Protect,Credit Life,Free State,2,2,0,0,262200.0,131100.0,1101.24,550.62,100.0,0.0,0.0
2025-07-01,PART005,Nala Mobility Finance,PRD009,Vehicle Credit Protect,Credit Life,Gauteng,10,8,2,0,1753700.0,175370.0,7365.54,736.55,80.0,20.0,0.0
2025-07-01,PART005,Nala Mobility Finance,PRD009,Vehicle Credit Protect,Credit Life,KwaZulu-Natal,4,4,0,0,536300.0,134075.0,2252.46,563.12,100.0,0.0,0.0
2025-07-01,PART005,Nala Mobility Finance,PRD009,Vehicle Credit Protect,Credit Life,Limpopo,1,1,0,0,176700.0,176700.0,742.14,742.14,100.0,0.0,0.0
2025-07-01,PART005,Nala Mobility Finance,PRD009,Vehicle Credit Protect,Credit Life,Mpumalanga,2,2,0,0,405500.0,202750.0,1703.1,851.55,100.0,0.0,0.0
2025-07-01,PART005,Nala Mobility Finance,PRD009,Vehicle Credit Protect,Credit Life,North West,3,3,0,0,655200.0,218400.0,2751.84,917.28,100.0,0.0,0.0
2025-07-01,PART005,Nala Mobility Finance,PRD009,Vehicle Credit Protect,Credit Life,Western Cape,4,4,0,0,885800.0,221450.0,3720.36,930.09,100.0,0.0,0.0
2025-07-01,PART005,Nala Mobility Finance,PRD010,Vehicle Disability Cover,Disability,Free State,1,1,0,0,104800.0,104800.0,366.8,366.8,100.0,0.0,0.0
2025-07-01,PART005,Nala Mobility Finance,PRD010,Vehicle Disability Cover,Disability,Gauteng,8,6,1,1,1184200.0,148025.0,4144.7,518.09,75.0,12.5,12.5
2025-07-01,PART005,Nala Mobility Finance,PRD010,Vehicle Disability Cover,Disability,KwaZulu-Natal,1,0,0,1,130800.0,130800.0,457.8,457.8,0.0,0.0,100.0
2025-07-01,PART005,Nala Mobility Finance,PRD010,Vehicle Disability Cover,Disability,Limpopo,1,0,1,0,160200.0,160200.0,560.7,560.7,0.0,100.0,0.0
2025-07-01,PART005,Nala Mobility Finance,PRD010,Vehicle Disability Cover,Disability,North West,2,2,0,0,430700.0,215350.0,1507.45,753.72,100.0,0.0,0.0
2025-07-01,PART005,Nala Mobility Finance,PRD010,Vehicle Disability Cover,Disability,Western Cape,6,5,1,0,755000.0,125833.33,2642.5,440.42,83.33,16.67,0.0
2025-08-01,PART001,Ubuntu Credit,PRD001,Credit Life Basic,Credit Life,Eastern Cape,2,2,0,0,116000.0,58000.0,556.8,278.4,100.0,0.0,0.0
2025-08-01,PART001,Ubuntu Credit,PRD001,Credit Life Basic,Credit Life,Free State,3,1,1,1,124000.0,41333.33,595.2,198.4,33.33,33.33,33.33
2025-08-01,PART001,Ubuntu Credit,PRD001,Credit Life Basic,Credit Life,Gauteng,9,8,1,0,438600.0,48733.33,2105.28,233.92,88.89,11.11,0.0
2025-08-01,PART001,Ubuntu Credit,PRD001,Credit Life Basic,Credit Life,KwaZulu-Natal,9,9,0,0,496200.0,55133.33,2381.76,264.64,100.0,0.0,0.0
2025-08-01,PART001,Ubuntu Credit,PRD001,Credit Life Basic,Credit Life,Limpopo,1,1,0,0,58700.0,58700.0,281.76,281.76,100.0,0.0,0.0
2025-08-01,PART001,Ubuntu Credit,PRD001,Credit Life Basic,Credit Life,Mpumalanga,5,3,1,1,245800.0,49160.0,1179.84,235.97,60.0,20.0,20.0
2025-08-01,PART001,Ubuntu Credit,PRD001,Credit Life Basic,Credit Life,Western Cape,10,8,2,0,482200.0,48220.0,2314.56,231.46,80.0,20.0,0.0
2025-08-01,PART001,Ubuntu Credit,PRD002,Credit Life Plus,Credit Life,Eastern Cape,4,4,0,0,338600.0,84650.0,2099.32,524.83,100.0,0.0,0.0
2025-08-01,PART001,Ubuntu Credit,PRD002,Credit Life Plus,Credit Life,Free State,2,2,0,0,217100.0,108550.0,1346.02,673.01,100.0,0.0,0.0
2025-08-01,PART001,Ubuntu Credit,PRD002,Credit Life Plus,Credit Life,Gauteng,6,2,2,2,481000.0,80166.67,2982.2,497.03,33.33,33.33,33.33
2025-08-01,PART001,Ubuntu Credit,PRD002,Credit Life Plus,Credit Life,KwaZulu-Natal,6,6,0,0,525300.0,87550.0,3256.86,542.81,100.0,0.0,0.0
2025-08-01,PART001,Ubuntu Credit,PRD002,Credit Life Plus,Credit Life,Mpumalanga,1,0,1,0,117300.0,117300.0,727.26,727.26,0.0,100.0,0.0
2025-08-01,PART001,Ubuntu Credit,PRD002,Credit Life Plus,Credit Life,North West,3,2,0,1,317400.0,105800.0,1967.88,655.96,66.67,0.0,33.33
2025-08-01,PART001,Ubuntu Credit,PRD002,Credit Life Plus,Credit Life,Western Cape,6,6,0,0,430500.0,71750.0,2669.1,444.85,100.0,0.0,0.0
2025-08-01,PART002,Mzanzi Retail Fin.,PRD003,Retail funeral,Funeral,Gauteng,12,10,2,0,800000.0,66666.67,1424.0,118.67,83.33,16.67,0.0
2025-08-01,PART002,Mzanzi Retail Fin.,PRD003,Retail funeral,Funeral,KwaZulu-Natal,4,3,1,0,275000.0,68750.0,489.5,122.38,75.0,25.0,0.0
2025-08-01,PART002,Mzanzi Retail Fin.,PRD003,Retail funeral,Funeral,Limpopo,1,1,0,0,75000.0,75000.0,133.5,133.5,100.0,0.0,0.0
2025-08-01,PART002,Mzanzi Retail Fin.,PRD003,Retail funeral,Funeral,Mpumalanga,4,4,0,0,200000.0,50000.0,356.0,89.0,100.0,0.0,0.0
2025-08-01,PART002,Mzanzi Retail Fin.,PRD003,Retail funeral,Funeral,North West,3,3,0,0,100000.0,33333.33,178.0,59.33,100.0,0.0,0.0
2025-08-01,PART002,Mzanzi Retail Fin.,PRD003,Retail funeral,Funeral,Western Cape,7,7,0,0,500000.0,71428.57,890.0,127.14,100.0,0.0,0.0
2025-08-01,PART002,Mzanzi Retail Fin.,PRD004,Family Funeral Plus,Funeral,Eastern Cape,3,3,0,0,225000.0,75000.0,335.25,111.75,100.0,0.0,0.0
2025-08-01,PART002,Mzanzi Retail Fin.,PRD004,Family Funeral Plus,Funeral,Gauteng,6,4,1,1,425000.0,70833.33,633.25,105.54,66.67,16.67,16.67
2025-08-01,PART002,Mzanzi Retail Fin.,PRD004,Family Funeral Plus,Funeral,KwaZulu-Natal,2,1,0,1,175000.0,87500.0,260.75,130.38,50.0,0.0,50.0
2025-08-01,PART002,Mzanzi Retail Fin.,PRD004,Family Funeral Plus,Funeral,Limpopo,1,1,0,0,50000.0,50000.0,74.5,74.5,100.0,0.0,0.0
2025-08-01,PART002,Mzanzi Retail Fin.,PRD004,Family Funeral Plus,Funeral,Mpumalanga,3,1,2,0,225000.0,75000.0,335.25,111.75,33.33,66.67,0.0
2025-08-01,PART002,Mzanzi Retail Fin.,PRD004,Family Funeral Plus,Funeral,Western Cape,3,1,1,1,175000.0,58333.33,260.75,86.92,33.33,33.33,33.33
2025-08-01,PART003,Lighthouse Loans,PRD005,Loan Protection,Credit Life,Free State,1,1,0,0,67100.0,67100.0,369.05,369.05,100.0,0.0,0.0
2025-08-01,PART003,Lighthouse Loans,PRD005,Loan Protection,Credit Life,Gauteng,5,4,1,0,338900.0,67780.0,1863.95,372.79,80.0,20.0,0.0
2025-08-01,PART003,Lighthouse Loans,PRD005,Loan Protection,Credit Life,KwaZulu-Natal,3,3,0,0,216500.0,72166.67,1190.75,396.92,100.0,0.0,0.0
2025-08-01,PART003,Lighthouse Loans,PRD005,Loan Protection,Credit Life,Limpopo,2,2,0,0,93900.0,46950.0,516.45,258.23,100.0,0.0,0.0
2025-08-01,PART003,Lighthouse Loans,PRD005,Loan Protection,Credit Life,North West,2,1,1,0,121500.0,60750.0,668.25,334.12,50.0,50.0,0.0
2025-08-01,PART003,Lighthouse Loans,PRD005,Loan Protection,Credit Life,Western Cape,4,4,0,0,282700.0,70675.0,1554.85,388.71,100.0,0.0,0.0
2025-08-01,PART003,Lighthouse Loans,PRD006,Loan Protection Plus,Credit Life,Eastern Cape,1,1,0,0,146000.0,146000.0,963.6,963.6,100.0,0.0,0.0
2025-08-01,PART003,Lighthouse Loans,PRD006,Loan Protection Plus,Credit Life,Gauteng,3,2,1,0,332500.0,110833.33,2194.5,731.5,66.67,33.33,0.0
2025-08-01,PART003,Lighthouse Loans,PRD006,Loan Protection Plus,Credit Life,KwaZulu-Natal,3,3,0,0,336000.0,112000.0,2217.6,739.2,100.0,0.0,0.0
2025-08-01,PART003,Lighthouse Loans,PRD006,Loan Protection Plus,Credit Life,Limpopo,1,1,0,0,118100.0,118100.0,779.46,779.46,100.0,0.0,0.0
2025-08-01,PART003,Lighthouse Loans,PRD006,Loan Protection Plus,Credit Life,Mpumalanga,3,3,0,0,355500.0,118500.0,2346.3,782.1,100.0,0.0,0.0
2025-08-01,PART003,Lighthouse Loans,PRD006,Loan Protection Plus,Credit Life,North West,2,2,0,0,295200.0,147600.0,1948.32,974.16,100.0,0.0,0.0
2025-08-01,PART003,Lighthouse Loans,PRD006,Loan Protection Plus,Credit Life,Western Cape,3,2,1,0,503300.0,167766.67,3321.78,1107.26,66.67,33.33,0.0
2025-08-01,PART004,Khula Bank,PRD007,Bank Credit Protect,Credit Life,Eastern Cape,1,1,0,0,87200.0,87200.0,427.28,427.28,100.0,0.0,0.0
2025-08-01,PART004,Khula Bank,PRD007,Bank Credit Protect,Credit Life,Free State,2,2,0,0,287600.0,143800.0,1409.24,704.62,100.0,0.0,0.0
2025-08-01,PART004,Khula Bank,PRD007,Bank Credit Protect,Credit Life,Gauteng,14,10,3,1,1626100.0,116150.0,7967.89,569.14,71.43,21.43,7.14
2025-08-01,PART004,Khula Bank,PRD007,Bank Credit Protect,Credit Life,KwaZulu-Natal,5,4,1,0,549400.0,109880.0,2692.06,538.41,80.0,20.0,0.0
2025-08-01,PART004,Khula Bank,PRD007,Bank Credit Protect,Credit Life,Limpopo,2,1,1,0,315400.0,157700.0,1545.46,772.73,50.0,50.0,0.0
2025-08-01,PART004,Khula Bank,PRD007,Bank Credit Protect,Credit Life,Mpumalanga,1,1,0,0,59200.0,59200.0,290.08,290.08,100.0,0.0,0.0
2025-08-01,PART004,Khula Bank,PRD007,Bank Credit Protect,Credit Life,North West,1,0,1,0,50200.0,50200.0,245.98,245.98,0.0,100.0,0.0
2025-08-01,PART004,Khula Bank,PRD007,Bank Credit Protect,Credit Life,Western Cape,2,1,1,0,192900.0,96450.0,945.21,472.6,50.0,50.0,0.0
2025-08-01,PART004,Khula Bank,PRD008,Bank Funeral,Funeral,Eastern Cape,2,1,1,0,100000.0,50000.0,158.67,79.34,50.0,50.0,0.0
2025-08-01,PART004,Khula Bank,PRD008,Bank Funeral,Funeral,Free State,2,1,1,0,175000.0,87500.0,277.67,138.83,50.0,50.0,0.0
2025-08-01,PART004,Khula Bank,PRD008,Bank Funeral,Funeral,Gauteng,4,3,1,0,350000.0,87500.0,555.34,138.83,75.0,25.0,0.0
2025-08-01,PART004,Khula Bank,PRD008,Bank Funeral,Funeral,KwaZulu-Natal,3,3,0,0,175000.0,58333.33,277.67,92.56,100.0,0.0,0.0
2025-08-01,PART004,Khula Bank,PRD008,Bank Funeral,Funeral,Limpopo,1,0,1,0,25000.0,25000.0,39.67,39.67,0.0,100.0,0.0
2025-08-01,PART004,Khula Bank,PRD008,Bank Funeral,Funeral,North West,2,2,0,0,125000.0,62500.0,198.34,99.17,100.0,0.0,0.0
2025-08-01,PART004,Khula Bank,PRD008,Bank Funeral,Funeral,Western Cape,1,1,0,0,50000.0,50000.0,79.33,79.33,100.0,0.0,0.0
2025-08-01,PART005,Nala Mobility Finance,PRD009,Vehicle Credit Protect,Credit Life,Eastern Cape,1,1,0,0,122400.0,122400.0,514.08,514.08,100.0,0.0,0.0
2025-08-01,PART005,Nala Mobility Finance,PRD009,Vehicle Credit Protect,Credit Life,Gauteng,7,6,1,0,1321300.0,188757.14,5549.46,792.78,85.71,14.29,0.0
2025-08-01,PART005,Nala Mobility Finance,PRD009,Vehicle Credit Protect,Credit Life,KwaZulu-Natal,1,1,0,0,266900.0,266900.0,1120.98,1120.98,100.0,0.0,0.0
2025-08-01,PART005,Nala Mobility Finance,PRD009,Vehicle Credit Protect,Credit Life,Limpopo,2,2,0,0,303000.0,151500.0,1272.6,636.3,100.0,0.0,0.0
2025-08-01,PART005,Nala Mobility Finance,PRD009,Vehicle Credit Protect,Credit Life,North West,1,1,0,0,141000.0,141000.0,592.2,592.2,100.0,0.0,0.0
2025-08-01,PART005,Nala Mobility Finance,PRD009,Vehicle Credit Protect,Credit Life,Western Cape,4,4,0,0,755900.0,188975.0,3174.78,793.7,100.0,0.0,0.0
2025-08-01,PART005,Nala Mobility Finance,PRD010,Vehicle Disability Cover,Disability,Free State,3,3,0,0,660800.0,220266.67,2312.8,770.93,100.0,0.0,0.0
2025-08-01,PART005,Nala Mobility Finance,PRD010,Vehicle Disability Cover,Disability,Gauteng,10,8,1,1,1600200.0,160020.0,5600.7,560.07,80.0,10.0,10.0
2025-08-01,PART005,Nala Mobility Finance,PRD010,Vehicle Disability Cover,Disability,KwaZulu-Natal,2,2,0,0,213800.0,106900.0,748.3,374.15,100.0,0.0,0.0
2025-08-01,PART005,Nala Mobility Finance,PRD010,Vehicle Disability Cover,Disability,Limpopo,3,3,0,0,355700.0,118566.67,1244.95,414.98,100.0,0.0,0.0
2025-08-01,PART005,Nala Mobility Finance,PRD010,Vehicle Disability Cover,Disability,Western Cape,5,4,0,1,766200.0,153240.0,2681.7,536.34,80.0,0.0,20.0
2025-09-01,PART001,Ubuntu Credit,PRD001,Credit Life Basic,Credit Life,Eastern Cape,3,2,1,0,168800.0,56266.67,810.24,270.08,66.67,33.33,0.0
2025-09-01,PART001,Ubuntu Credit,PRD001,Credit Life Basic,Credit Life,Gauteng,7,5,1,1,337000.0,48142.86,1617.6,231.09,71.43,14.29,14.29
2025-09-01,PART001,Ubuntu Credit,PRD001,Credit Life Basic,Credit Life,KwaZulu-Natal,5,4,0,1,151300.0,30260.0,726.24,145.25,80.0,0.0,20.0
2025-09-01,PART001,Ubuntu Credit,PRD001,Credit Life Basic,Credit Life,Limpopo,1,1,0,0,23100.0,23100.0,110.88,110.88,100.0,0.0,0.0
2025-09-01,PART001,Ubuntu Credit,PRD001,Credit Life Basic,Credit Life,Mpumalanga,1,1,0,0,56800.0,56800.0,272.64,272.64,100.0,0.0,0.0
2025-09-01,PART001,Ubuntu Credit,PRD001,Credit Life Basic,Credit Life,North West,2,2,0,0,90400.0,45200.0,433.92,216.96,100.0,0.0,0.0
2025-09-01,PART001,Ubuntu Credit,PRD001,Credit Life Basic,Credit Life,Western Cape,5,4,0,1,272200.0,54440.0,1306.56,261.31,80.0,0.0,20.0
2025-09-01,PART001,Ubuntu Credit,PRD002,Credit Life Plus,Credit Life,Eastern Cape,1,1,0,0,140300.0,140300.0,869.86,869.86,100.0,0.0,0.0
2025-09-01,PART001,Ubuntu Credit,PRD002,Credit Life Plus,Credit Life,Free State,2,2,0,0,181900.0,90950.0,1127.78,563.89,100.0,0.0,0.0
2025-09-01,PART001,Ubuntu Credit,PRD002,Credit Life Plus,Credit Life,Gauteng,5,5,0,0,555100.0,111020.0,3441.62,688.32,100.0,0.0,0.0
2025-09-01,PART001,Ubuntu Credit,PRD002,Credit Life Plus,Credit Life,KwaZulu-Natal,6,4,2,0,573400.0,95566.67,3555.08,592.51,66.67,33.33,0.0
2025-09-01,PART001,Ubuntu Credit,PRD002,Credit Life Plus,Credit Life,Mpumalanga,1,1,0,0,128300.0,128300.0,795.46,795.46,100.0,0.0,0.0
2025-09-01,PART001,Ubuntu Credit,PRD002,Credit Life Plus,Credit Life,North West,2,2,0,0,137100.0,68550.0,850.02,425.01,100.0,0.0,0.0
2025-09-01,PART001,Ubuntu Credit,PRD002,Credit Life Plus,Credit Life,Western Cape,6,5,0,1,610100.0,101683.33,3782.62,630.44,83.33,0.0,16.67
2025-09-01,PART002,Mzanzi Retail Fin.,PRD003,Retail funeral,Funeral,Free State,4,3,1,0,250000.0,62500.0,445.0,111.25,75.0,25.0,0.0
2025-09-01,PART002,Mzanzi Retail Fin.,PRD003,Retail funeral,Funeral,Gauteng,5,5,0,0,400000.0,80000.0,712.0,142.4,100.0,0.0,0.0
2025-09-01,PART002,Mzanzi Retail Fin.,PRD003,Retail funeral,Funeral,KwaZulu-Natal,4,3,1,0,350000.0,87500.0,623.0,155.75,75.0,25.0,0.0
2025-09-01,PART002,Mzanzi Retail Fin.,PRD003,Retail funeral,Funeral,Limpopo,3,3,0,0,225000.0,75000.0,400.5,133.5,100.0,0.0,0.0
2025-09-01,PART002,Mzanzi Retail Fin.,PRD003,Retail funeral,Funeral,Mpumalanga,2,2,0,0,125000.0,62500.0,222.5,111.25,100.0,0.0,0.0
2025-09-01,PART002,Mzanzi Retail Fin.,PRD003,Retail funeral,Funeral,North West,1,0,1,0,50000.0,50000.0,89.0,89.0,0.0,100.0,0.0
2025-09-01,PART002,Mzanzi Retail Fin.,PRD003,Retail funeral,Funeral,Western Cape,6,4,2,0,325000.0,54166.67,578.5,96.42,66.67,33.33,0.0
2025-09-01,PART002,Mzanzi Retail Fin.,PRD004,Family Funeral Plus,Funeral,Eastern Cape,2,2,0,0,125000.0,62500.0,186.25,93.12,100.0,0.0,0.0
2025-09-01,PART002,Mzanzi Retail Fin.,PRD004,Family Funeral Plus,Funeral,Free State,1,1,0,0,100000.0,100000.0,149.0,149.0,100.0,0.0,0.0
2025-09-01,PART002,Mzanzi Retail Fin.,PRD004,Family Funeral Plus,Funeral,Gauteng,5,5,0,0,350000.0,70000.0,521.5,104.3,100.0,0.0,0.0
2025-09-01,PART002,Mzanzi Retail Fin.,PRD004,Family Funeral Plus,Funeral,KwaZulu-Natal,3,1,1,1,175000.0,58333.33,260.75,86.92,33.33,33.33,33.33
2025-09-01,PART002,Mzanzi Retail Fin.,PRD004,Family Funeral Plus,Funeral,Limpopo,3,1,2,0,225000.0,75000.0,335.25,111.75,33.33,66.67,0.0
2025-09-01,PART002,Mzanzi Retail Fin.,PRD004,Family Funeral Plus,Funeral,Mpumalanga,2,1,1,0,75000.0,37500.0,111.75,55.88,50.0,50.0,0.0
2025-09-01,PART002,Mzanzi Retail Fin.,PRD004,Family Funeral Plus,Funeral,Western Cape,4,2,1,1,250000.0,62500.0,372.5,93.12,50.0,25.0,25.0
2025-09-01,PART003,Lighthouse Loans,PRD005,Loan Protection,Credit Life,Eastern Cape,2,2,0,0,142500.0,71250.0,783.75,391.88,100.0,0.0,0.0
2025-09-01,PART003,Lighthouse Loans,PRD005,Loan Protection,Credit Life,Free State,1,1,0,0,38400.0,38400.0,211.2,211.2,100.0,0.0,0.0
2025-09-01,PART003,Lighthouse Loans,PRD005,Loan Protection,Credit Life,Gauteng,6,6,0,0,274900.0,45816.67,1511.95,251.99,100.0,0.0,0.0
2025-09-01,PART003,Lighthouse Loans,PRD005,Loan Protection,Credit Life,KwaZulu-Natal,7,5,2,0,521500.0,74500.0,2868.25,409.75,71.43,28.57,0.0
2025-09-01,PART003,Lighthouse Loans,PRD005,Loan Protection,Credit Life,Limpopo,1,1,0,0,98000.0,98000.0,539.0,539.0,100.0,0.0,0.0
2025-09-01,PART003,Lighthouse Loans,PRD005,Loan Protection,Credit Life,Mpumalanga,2,2,0,0,116200.0,58100.0,639.1,319.55,100.0,0.0,0.0
2025-09-01,PART003,Lighthouse Loans,PRD005,Loan Protection,Credit Life,North West,2,2,0,0,98200.0,49100.0,540.1,270.05,100.0,0.0,0.0
2025-09-01,PART003,Lighthouse Loans,PRD005,Loan Protection,Credit Life,Western Cape,6,5,0,1,348300.0,58050.0,1915.65,319.28,83.33,0.0,16.67
2025-09-01,PART003,Lighthouse Loans,PRD006,Loan Protection Plus,Credit Life,Eastern Cape,4,4,0,0,568400.0,142100.0,3751.44,937.86,100.0,0.0,0.0
2025-09-01,PART003,Lighthouse Loans,PRD006,Loan Protection Plus,Credit Life,Gauteng,10,9,0,1,1466000.0,146600.0,9675.6,967.56,90.0,0.0,10.0
2025-09-01,PART003,Lighthouse Loans,PRD006,Loan Protection Plus,Credit Life,KwaZulu-Natal,5,5,0,0,681600.0,136320.0,4498.56,899.71,100.0,0.0,0.0
2025-09-01,PART003,Lighthouse Loans,PRD006,Loan Protection Plus,Credit Life,Limpopo,5,4,0,1,611700.0,122340.0,4037.22,807.44,80.0,0.0,20.0
2025-09-01,PART003,Lighthouse Loans,PRD006,Loan Protection Plus,Credit Life,Mpumalanga,2,1,1,0,157900.0,78950.0,1042.14,521.07,50.0,50.0,0.0
2025-09-01,PART003,Lighthouse Loans,PRD006,Loan Protection Plus,Credit Life,Western Cape,1,1,0,0,166400.0,166400.0,1098.24,1098.24,100.0,0.0,0.0
2025-09-01,PART004,Khula Bank,PRD007,Bank Credit Protect,Credit Life,Eastern Cape,3,3,0,0,396100.0,132033.33,1940.89,646.96,100.0,0.0,0.0
2025-09-01,PART004,Khula Bank,PRD007,Bank Credit Protect,Credit Life,Free State,2,1,1,0,290100.0,145050.0,1421.49,710.74,50.0,50.0,0.0
2025-09-01,PART004,Khula Bank,PRD007,Bank Credit Protect,Credit Life,Gauteng,8,8,0,0,1033000.0,129125.0,5061.7,632.71,100.0,0.0,0.0
2025-09-01,PART004,Khula Bank,PRD007,Bank Credit Protect,Credit Life,KwaZulu-Natal,7,6,0,1,767000.0,109571.43,3758.3,536.9,85.71,0.0,14.29
2025-09-01,PART004,Khula Bank,PRD007,Bank Credit Protect,Credit Life,Limpopo,2,2,0,0,311600.0,155800.0,1526.84,763.42,100.0,0.0,0.0
2025-09-01,PART004,Khula Bank,PRD007,Bank Credit Protect,Credit Life,Mpumalanga,1,1,0,0,93000.0,93000.0,455.7,455.7,100.0,0.0,0.0
2025-09-01,PART004,Khula Bank,PRD007,Bank Credit Protect,Credit Life,North West,1,1,0,0,119800.0,119800.0,587.02,587.02,100.0,0.0,0.0
2025-09-01,PART004,Khula Bank,PRD007,Bank Credit Protect,Credit Life,Western Cape,7,5,2,0,856500.0,122357.14,4196.85,599.55,71.43,28.57,0.0
2025-09-01,PART004,Khula Bank,PRD008,Bank Funeral,Funeral,Eastern Cape,3,2,1,0,225000.0,75000.0,357.01,119.0,66.67,33.33,0.0
2025-09-01,PART004,Khula Bank,PRD008,Bank Funeral,Funeral,Gauteng,5,5,0,0,325000.0,65000.0,515.67,103.13,100.0,0.0,0.0
2025-09-01,PART004,Khula Bank,PRD008,Bank Funeral,Funeral,KwaZulu-Natal,6,4,1,1,400000.0,66666.67,634.67,105.78,66.67,16.67,16.67
2025-09-01,PART004,Khula Bank,PRD008,Bank Funeral,Funeral,Limpopo,4,2,1,1,175000.0,43750.0,277.68,69.42,50.0,25.0,25.0
2025-09-01,PART004,Khula Bank,PRD008,Bank Funeral,Funeral,Mpumalanga,2,1,0,1,150000.0,75000.0,238.0,119.0,50.0,0.0,50.0
2025-09-01,PART004,Khula Bank,PRD008,Bank Funeral,Funeral,North West,3,3,0,0,125000.0,41666.67,198.33,66.11,100.0,0.0,0.0
2025-09-01,PART004,Khula Bank,PRD008,Bank Funeral,Funeral,Western Cape,6,2,2,2,325000.0,54166.67,515.66,85.94,33.33,33.33,33.33
2025-09-01,PART005,Nala Mobility Finance,PRD009,Vehicle Credit Protect,Credit Life,Eastern Cape,1,1,0,0,252700.0,252700.0,1061.34,1061.34,100.0,0.0,0.0
2025-09-01,PART005,Nala Mobility Finance,PRD009,Vehicle Credit Protect,Credit Life,Gauteng,6,5,1,0,860000.0,143333.33,3612.0,602.0,83.33,16.67,0.0
2025-09-01,PART005,Nala Mobility Finance,PRD009,Vehicle Credit Protect,Credit Life,KwaZulu-Natal,4,3,1,0,514800.0,128700.0,2162.16,540.54,75.0,25.0,0.0
2025-09-01,PART005,Nala Mobility Finance,PRD009,Vehicle Credit Protect,Credit Life,Limpopo,3,2,0,1,589800.0,196600.0,2477.16,825.72,66.67,0.0,33.33
2025-09-01,PART005,Nala Mobility Finance,PRD009,Vehicle Credit Protect,Credit Life,Mpumalanga,3,2,0,1,529500.0,176500.0,2223.9,741.3,66.67,0.0,33.33
2025-09-01,PART005,Nala Mobility Finance,PRD009,Vehicle Credit Protect,Credit Life,Western Cape,5,3,1,1,1219300.0,243860.0,5121.06,1024.21,60.0,20.0,20.0
2025-09-01,PART005,Nala Mobility Finance,PRD010,Vehicle Disability Cover,Disability,Eastern Cape,1,0,0,1,233200.0,233200.0,816.2,816.2,0.0,0.0,100.0
2025-09-01,PART005,Nala Mobility Finance,PRD010,Vehicle Disability Cover,Disability,Gauteng,6,6,0,0,1023600.0,170600.0,3582.6,597.1,100.0,0.0,0.0
2025-09-01,PART005,Nala Mobility Finance,PRD010,Vehicle Disability Cover,Disability,KwaZulu-Natal,4,3,0,1,761700.0,190425.0,2665.95,666.49,75.0,0.0,25.0
2025-09-01,PART005,Nala Mobility Finance,PRD010,Vehicle Disability Cover,Disability,Limpopo,2,1,1,0,440500.0,220250.0,1541.75,770.88,50.0,50.0,0.0
2025-09-01,PART005,Nala Mobility Finance,PRD010,Vehicle Disability Cover,Disability,North West,2,2,0,0,404200.0,202100.0,1414.7,707.35,100.0,0.0,0.0
2025-09-01,PART005,Nala Mobility Finance,PRD010,Vehicle Disability Cover,Disability,Western Cape,3,2,1,0,344600.0,114866.67,1206.1,402.03,66.67,33.33,0.0
2025-10-01,PART001,Ubuntu Credit,PRD001,Credit Life Basic,Credit Life,Eastern Cape,4,4,0,0,171900.0,42975.0,825.12,206.28,100.0,0.0,0.0
2025-10-01,PART001,Ubuntu Credit,PRD001,Credit Life Basic,Credit Life,Free State,1,1,0,0,61400.0,61400.0,294.72,294.72,100.0,0.0,0.0
2025-10-01,PART001,Ubuntu Credit,PRD001,Credit Life Basic,Credit Life,Gauteng,6,6,0,0,252800.0,42133.33,1213.44,202.24,100.0,0.0,0.0
2025-10-01,PART001,Ubuntu Credit,PRD001,Credit Life Basic,Credit Life,KwaZulu-Natal,1,1,0,0,28300.0,28300.0,135.84,135.84,100.0,0.0,0.0
2025-10-01,PART001,Ubuntu Credit,PRD001,Credit Life Basic,Credit Life,Limpopo,2,2,0,0,107600.0,53800.0,516.48,258.24,100.0,0.0,0.0
2025-10-01,PART001,Ubuntu Credit,PRD001,Credit Life Basic,Credit Life,Mpumalanga,1,1,0,0,34900.0,34900.0,167.52,167.52,100.0,0.0,0.0
2025-10-01,PART001,Ubuntu Credit,PRD001,Credit Life Basic,Credit Life,North West,2,2,0,0,62300.0,31150.0,299.04,149.52,100.0,0.0,0.0
2025-10-01,PART001,Ubuntu Credit,PRD001,Credit Life Basic,Credit Life,Western Cape,7,7,0,0,238700.0,34100.0,1145.76,163.68,100.0,0.0,0.0
2025-10-01,PART001,Ubuntu Credit,PRD002,Credit Life Plus,Credit Life,Eastern Cape,2,2,0,0,176400.0,88200.0,1093.68,546.84,100.0,0.0,0.0
2025-10-01,PART001,Ubuntu Credit,PRD002,Credit Life Plus,Credit Life,Free State,1,1,0,0,40800.0,40800.0,252.96,252.96,100.0,0.0,0.0
2025-10-01,PART001,Ubuntu Credit,PRD002,Credit Life Plus,Credit Life,Gauteng,19,16,2,1,1717400.0,90389.47,10647.88,560.41,84.21,10.53,5.26
2025-10-01,PART001,Ubuntu Credit,PRD002,Credit Life Plus,Credit Life,KwaZulu-Natal,4,2,1,1,410900.0,102725.0,2547.58,636.9,50.0,25.0,25.0
2025-10-01,PART001,Ubuntu Credit,PRD002,Credit Life Plus,Credit Life,Limpopo,5,5,0,0,517200.0,103440.0,3206.64,641.33,100.0,0.0,0.0
2025-10-01,PART001,Ubuntu Credit,PRD002,Credit Life Plus,Credit Life,Mpumalanga,1,1,0,0,90800.0,90800.0,562.96,562.96,100.0,0.0,0.0
2025-10-01,PART001,Ubuntu Credit,PRD002,Credit Life Plus,Credit Life,Western Cape,7,6,0,1,631100.0,90157.14,3912.82,558.97,85.71,0.0,14.29
2025-10-01,PART002,Mzanzi Retail Fin.,PRD003,Retail funeral,Funeral,Eastern Cape,2,2,0,0,150000.0,75000.0,267.0,133.5,100.0,0.0,0.0
2025-10-01,PART002,Mzanzi Retail Fin.,PRD003,Retail funeral,Funeral,Free State,1,1,0,0,100000.0,100000.0,178.0,178.0,100.0,0.0,0.0
2025-10-01,PART002,Mzanzi Retail Fin.,PRD003,Retail funeral,Funeral,Gauteng,10,7,3,0,725000.0,72500.0,1290.5,129.05,70.0,30.0,0.0
2025-10-01,PART002,Mzanzi Retail Fin.,PRD003,Retail funeral,Funeral,KwaZulu-Natal,2,2,0,0,150000.0,75000.0,267.0,133.5,100.0,0.0,0.0
2025-10-01,PART002,Mzanzi Retail Fin.,PRD003,Retail funeral,Funeral,Limpopo,3,3,0,0,250000.0,83333.33,445.0,148.33,100.0,0.0,0.0
2025-10-01,PART002,Mzanzi Retail Fin.,PRD003,Retail funeral,Funeral,Mpumalanga,2,2,0,0,125000.0,62500.0,222.5,111.25,100.0,0.0,0.0
2025-10-01,PART002,Mzanzi Retail Fin.,PRD003,Retail funeral,Funeral,North West,1,0,1,0,100000.0,100000.0,178.0,178.0,0.0,100.0,0.0
2025-10-01,PART002,Mzanzi Retail Fin.,PRD003,Retail funeral,Funeral,Western Cape,3,3,0,0,150000.0,50000.0,267.0,89.0,100.0,0.0,0.0
2025-10-01,PART002,Mzanzi Retail Fin.,PRD004,Family Funeral Plus,Funeral,Eastern Cape,1,1,0,0,75000.0,75000.0,111.75,111.75,100.0,0.0,0.0
2025-10-01,PART002,Mzanzi Retail Fin.,PRD004,Family Funeral Plus,Funeral,Free State,1,1,0,0,25000.0,25000.0,37.25,37.25,100.0,0.0,0.0
2025-10-01,PART002,Mzanzi Retail Fin.,PRD004,Family Funeral Plus,Funeral,Gauteng,7,7,0,0,525000.0,75000.0,782.25,111.75,100.0,0.0,0.0
2025-10-01,PART002,Mzanzi Retail Fin.,PRD004,Family Funeral Plus,Funeral,KwaZulu-Natal,2,2,0,0,75000.0,37500.0,111.75,55.88,100.0,0.0,0.0
2025-10-01,PART002,Mzanzi Retail Fin.,PRD004,Family Funeral Plus,Funeral,Limpopo,2,2,0,0,175000.0,87500.0,260.75,130.38,100.0,0.0,0.0
2025-10-01,PART002,Mzanzi Retail Fin.,PRD004,Family Funeral Plus,Funeral,Mpumalanga,3,2,1,0,200000.0,66666.67,298.0,99.33,66.67,33.33,0.0
2025-10-01,PART002,Mzanzi Retail Fin.,PRD004,Family Funeral Plus,Funeral,North West,1,0,1,0,25000.0,25000.0,37.25,37.25,0.0,100.0,0.0
2025-10-01,PART002,Mzanzi Retail Fin.,PRD004,Family Funeral Plus,Funeral,Western Cape,6,6,0,0,500000.0,83333.33,745.0,124.17,100.0,0.0,0.0
2025-10-01,PART003,Lighthouse Loans,PRD005,Loan Protection,Credit Life,Gauteng,6,6,0,0,393000.0,65500.0,2161.5,360.25,100.0,0.0,0.0
2025-10-01,PART003,Lighthouse Loans,PRD005,Loan Protection,Credit Life,KwaZulu-Natal,2,2,0,0,139400.0,69700.0,766.7,383.35,100.0,0.0,0.0
2025-10-01,PART003,Lighthouse Loans,PRD005,Loan Protection,Credit Life,Limpopo,2,2,0,0,146200.0,73100.0,804.1,402.05,100.0,0.0,0.0
2025-10-01,PART003,Lighthouse Loans,PRD005,Loan Protection,Credit Life,Mpumalanga,1,1,0,0,72300.0,72300.0,397.65,397.65,100.0,0.0,0.0
2025-10-01,PART003,Lighthouse Loans,PRD005,Loan Protection,Credit Life,North West,3,3,0,0,169100.0,56366.67,930.05,310.02,100.0,0.0,0.0
2025-10-01,PART003,Lighthouse Loans,PRD005,Loan Protection,Credit Life,Western Cape,5,4,1,0,270600.0,54120.0,1488.3,297.66,80.0,20.0,0.0
2025-10-01,PART003,Lighthouse Loans,PRD006,Loan Protection Plus,Credit Life,Eastern Cape,1,1,0,0,97200.0,97200.0,641.52,641.52,100.0,0.0,0.0
2025-10-01,PART003,Lighthouse Loans,PRD006,Loan Protection Plus,Credit Life,Gauteng,5,4,1,0,642400.0,128480.0,4239.84,847.97,80.0,20.0,0.0
2025-10-01,PART003,Lighthouse Loans,PRD006,Loan Protection Plus,Credit Life,KwaZulu-Natal,3,2,1,0,314900.0,104966.67,2078.34,692.78,66.67,33.33,0.0
2025-10-01,PART003,Lighthouse Loans,PRD006,Loan Protection Plus,Credit Life,Limpopo,1,1,0,0,168600.0,168600.0,1112.76,1112.76,100.0,0.0,0.0
2025-10-01,PART003,Lighthouse Loans,PRD006,Loan Protection Plus,Credit Life,North West,1,1,0,0,165000.0,165000.0,1089.0,1089.0,100.0,0.0,0.0
2025-10-01,PART003,Lighthouse Loans,PRD006,Loan Protection Plus,Credit Life,Western Cape,4,3,0,1,399100.0,99775.0,2634.06,658.52,75.0,0.0,25.0
2025-10-01,PART004,Khula Bank,PRD007,Bank Credit Protect,Credit Life,Eastern Cape,2,0,2,0,302200.0,151100.0,1480.78,740.39,0.0,100.0,0.0
2025-10-01,PART004,Khula Bank,PRD007,Bank Credit Protect,Credit Life,Free State,1,1,0,0,182400.0,182400.0,893.76,893.76,100.0,0.0,0.0
2025-10-01,PART004,Khula Bank,PRD007,Bank Credit Protect,Credit Life,Gauteng,9,9,0,0,1282700.0,142522.22,6285.23,698.36,100.0,0.0,0.0
2025-10-01,PART004,Khula Bank,PRD007,Bank Credit Protect,Credit Life,KwaZulu-Natal,4,4,0,0,623800.0,155950.0,3056.62,764.16,100.0,0.0,0.0
2025-10-01,PART004,Khula Bank,PRD007,Bank Credit Protect,Credit Life,Limpopo,2,2,0,0,163400.0,81700.0,800.66,400.33,100.0,0.0,0.0
2025-10-01,PART004,Khula Bank,PRD007,Bank Credit Protect,Credit Life,North West,1,1,0,0,135800.0,135800.0,665.42,665.42,100.0,0.0,0.0
2025-10-01,PART004,Khula Bank,PRD007,Bank Credit Protect,Credit Life,Western Cape,11,5,4,2,1359200.0,123563.64,6660.08,605.46,45.45,36.36,18.18
2025-10-01,PART004,Khula Bank,PRD008,Bank Funeral,Funeral,Gauteng,10,10,0,0,700000.0,70000.0,1110.67,111.07,100.0,0.0,0.0
2025-10-01,PART004,Khula Bank,PRD008,Bank Funeral,Funeral,KwaZulu-Natal,1,1,0,0,75000.0,75000.0,119.0,119.0,100.0,0.0,0.0
2025-10-01,PART004,Khula Bank,PRD008,Bank Funeral,Funeral,Limpopo,2,2,0,0,125000.0,62500.0,198.33,99.16,100.0,0.0,0.0
2025-10-01,PART004,Khula Bank,PRD008,Bank Funeral,Funeral,Mpumalanga,2,2,0,0,125000.0,62500.0,198.33,99.16,100.0,0.0,0.0
2025-10-01,PART004,Khula Bank,PRD008,Bank Funeral,Funeral,North West,2,2,0,0,125000.0,62500.0,198.34,99.17,100.0,0.0,0.0
2025-10-01,PART004,Khula Bank,PRD008,Bank Funeral,Funeral,Western Cape,4,3,1,0,225000.0,56250.0,357.0,89.25,75.0,25.0,0.0
2025-10-01,PART005,Nala Mobility Finance,PRD009,Vehicle Credit Protect,Credit Life,Eastern Cape,3,3,0,0,585600.0,195200.0,2459.52,819.84,100.0,0.0,0.0
2025-10-01,PART005,Nala Mobility Finance,PRD009,Vehicle Credit Protect,Credit Life,Free State,1,1,0,0,87700.0,87700.0,368.34,368.34,100.0,0.0,0.0
2025-10-01,PART005,Nala Mobility Finance,PRD009,Vehicle Credit Protect,Credit Life,Gauteng,4,4,0,0,1006300.0,251575.0,4226.46,1056.62,100.0,0.0,0.0
2025-10-01,PART005,Nala Mobility Finance,PRD009,Vehicle Credit Protect,Credit Life,KwaZulu-Natal,5,5,0,0,632400.0,126480.0,2656.08,531.22,100.0,0.0,0.0
2025-10-01,PART005,Nala Mobility Finance,PRD009,Vehicle Credit Protect,Credit Life,Limpopo,3,3,0,0,632900.0,210966.67,2658.18,886.06,100.0,0.0,0.0
2025-10-01,PART005,Nala Mobility Finance,PRD009,Vehicle Credit Protect,Credit Life,Mpumalanga,2,2,0,0,426200.0,213100.0,1790.04,895.02,100.0,0.0,0.0
2025-10-01,PART005,Nala Mobility Finance,PRD009,Vehicle Credit Protect,Credit Life,Western Cape,4,4,0,0,566700.0,141675.0,2380.14,595.04,100.0,0.0,0.0
2025-10-01,PART005,Nala Mobility Finance,PRD010,Vehicle Disability Cover,Disability,Free State,1,1,0,0,100900.0,100900.0,353.15,353.15,100.0,0.0,0.0
2025-10-01,PART005,Nala Mobility Finance,PRD010,Vehicle Disability Cover,Disability,Gauteng,12,11,1,0,2294800.0,191233.33,8031.8,669.32,91.67,8.33,0.0
2025-10-01,PART005,Nala Mobility Finance,PRD010,Vehicle Disability Cover,Disability,KwaZulu-Natal,4,4,0,0,492100.0,123025.0,1722.35,430.59,100.0,0.0,0.0
2025-10-01,PART005,Nala Mobility Finance,PRD010,Vehicle Disability Cover,Disability,Limpopo,3,3,0,0,485900.0,161966.67,1700.65,566.88,100.0,0.0,0.0
2025-10-01,PART005,Nala Mobility Finance,PRD010,Vehicle Disability Cover,Disability,Mpumalanga,2,2,0,0,285800.0,142900.0,1000.3,500.15,100.0,0.0,0.0
2025-10-01,PART005,Nala Mobility Finance,PRD010,Vehicle Disability Cover,Disability,North West,2,2,0,0,334300.0,167150.0,1170.05,585.02,100.0,0.0,0.0
2025-10-01,PART005,Nala Mobility Finance,PRD010,Vehicle Disability Cover,Disability,Western Cape,4,4,0,0,627500.0,156875.0,2196.25,549.06,100.0,0.0,0.0
2025-11-01,PART001,Ubuntu Credit,PRD001,Credit Life Basic,Credit Life,Gauteng,6,6,0,0,230100.0,38350.0,1104.48,184.08,100.0,0.0,0.0
2025-11-01,PART001,Ubuntu Credit,PRD001,Credit Life Basic,Credit Life,KwaZulu-Natal,3,3,0,0,147300.0,49100.0,707.04,235.68,100.0,0.0,0.0
2025-11-01,PART001,Ubuntu Credit,PRD001,Credit Life Basic,Credit Life,Limpopo,2,2,0,0,60000.0,30000.0,288.0,144.0,100.0,0.0,0.0
2025-11-01,PART001,Ubuntu Credit,PRD001,Credit Life Basic,Credit Life,Mpumalanga,4,3,1,0,195700.0,48925.0,939.36,234.84,75.0,25.0,0.0
2025-11-01,PART001,Ubuntu Credit,PRD001,Credit Life Basic,Credit Life,North West,1,1,0,0,62400.0,62400.0,299.52,299.52,100.0,0.0,0.0
2025-11-01,PART001,Ubuntu Credit,PRD001,Credit Life Basic,Credit Life,Western Cape,5,3,1,1,218900.0,43780.0,1050.72,210.14,60.0,20.0,20.0
2025-11-01,PART001,Ubuntu Credit,PRD002,Credit Life Plus,Credit Life,Gauteng,14,8,5,1,1314200.0,93871.43,8148.04,582.0,57.14,35.71,7.14
2025-11-01,PART001,Ubuntu Credit,PRD002,Credit Life Plus,Credit Life,KwaZulu-Natal,7,7,0,0,659700.0,94242.86,4090.14,584.31,100.0,0.0,0.0
2025-11-01,PART001,Ubuntu Credit,PRD002,Credit Life Plus,Credit Life,Limpopo,2,2,0,0,155100.0,77550.0,961.62,480.81,100.0,0.0,0.0
2025-11-01,PART001,Ubuntu Credit,PRD002,Credit Life Plus,Credit Life,Mpumalanga,3,2,1,0,357600.0,119200.0,2217.12,739.04,66.67,33.33,0.0
2025-11-01,PART001,Ubuntu Credit,PRD002,Credit Life Plus,Credit Life,North West,1,0,1,0,109200.0,109200.0,677.04,677.04,0.0,100.0,0.0
2025-11-01,PART001,Ubuntu Credit,PRD002,Credit Life Plus,Credit Life,Western Cape,1,1,0,0,128200.0,128200.0,794.84,794.84,100.0,0.0,0.0
2025-11-01,PART002,Mzanzi Retail Fin.,PRD003,Retail funeral,Funeral,Eastern Cape,3,3,0,0,200000.0,66666.67,356.0,118.67,100.0,0.0,0.0
2025-11-01,PART002,Mzanzi Retail Fin.,PRD003,Retail funeral,Funeral,Free State,1,1,0,0,75000.0,75000.0,133.5,133.5,100.0,0.0,0.0
2025-11-01,PART002,Mzanzi Retail Fin.,PRD003,Retail funeral,Funeral,Gauteng,8,7,1,0,475000.0,59375.0,845.5,105.69,87.5,12.5,0.0
2025-11-01,PART002,Mzanzi Retail Fin.,PRD003,Retail funeral,Funeral,KwaZulu-Natal,4,3,1,0,350000.0,87500.0,623.0,155.75,75.0,25.0,0.0
2025-11-01,PART002,Mzanzi Retail Fin.,PRD003,Retail funeral,Funeral,North West,2,2,0,0,175000.0,87500.0,311.5,155.75,100.0,0.0,0.0
2025-11-01,PART002,Mzanzi Retail Fin.,PRD003,Retail funeral,Funeral,Western Cape,3,3,0,0,225000.0,75000.0,400.5,133.5,100.0,0.0,0.0
2025-11-01,PART002,Mzanzi Retail Fin.,PRD004,Family Funeral Plus,Funeral,Eastern Cape,1,0,1,0,75000.0,75000.0,111.75,111.75,0.0,100.0,0.0
2025-11-01,PART002,Mzanzi Retail Fin.,PRD004,Family Funeral Plus,Funeral,Free State,2,2,0,0,125000.0,62500.0,186.25,93.12,100.0,0.0,0.0
2025-11-01,PART002,Mzanzi Retail Fin.,PRD004,Family Funeral Plus,Funeral,Gauteng,6,4,1,1,425000.0,70833.33,633.25,105.54,66.67,16.67,16.67
2025-11-01,PART002,Mzanzi Retail Fin.,PRD004,Family Funeral Plus,Funeral,KwaZulu-Natal,4,3,0,1,200000.0,50000.0,298.0,74.5,75.0,0.0,25.0
2025-11-01,PART002,Mzanzi Retail Fin.,PRD004,Family Funeral Plus,Funeral,Limpopo,1,0,1,0,75000.0,75000.0,111.75,111.75,0.0,100.0,0.0
2025-11-01,PART002,Mzanzi Retail Fin.,PRD004,Family Funeral Plus,Funeral,North West,1,1,0,0,100000.0,100000.0,149.0,149.0,100.0,0.0,0.0
2025-11-01,PART002,Mzanzi Retail Fin.,PRD004,Family Funeral Plus,Funeral,Western Cape,1,1,0,0,75000.0,75000.0,111.75,111.75,100.0,0.0,0.0
2025-11-01,PART003,Lighthouse Loans,PRD005,Loan Protection,Credit Life,Eastern Cape,3,3,0,0,154900.0,51633.33,851.95,283.98,100.0,0.0,0.0
2025-11-01,PART003,Lighthouse Loans,PRD005,Loan Protection,Credit Life,Free State,5,5,0,0,346800.0,69360.0,1907.4,381.48,100.0,0.0,0.0
2025-11-01,PART003,Lighthouse Loans,PRD005,Loan Protection,Credit Life,Gauteng,6,5,1,0,330200.0,55033.33,1816.1,302.68,83.33,16.67,0.0
2025-11-01,PART003,Lighthouse Loans,PRD005,Loan Protection,Credit Life,KwaZulu-Natal,2,2,0,0,138900.0,69450.0,763.95,381.98,100.0,0.0,0.0
2025-11-01,PART003,Lighthouse Loans,PRD005,Loan Protection,Credit Life,Limpopo,5,3,1,1,339600.0,67920.0,1867.8,373.56,60.0,20.0,20.0
2025-11-01,PART003,Lighthouse Loans,PRD005,Loan Protection,Credit Life,North West,1,1,0,0,68500.0,68500.0,376.75,376.75,100.0,0.0,0.0
2025-11-01,PART003,Lighthouse Loans,PRD005,Loan Protection,Credit Life,Western Cape,7,7,0,0,367800.0,52542.86,2022.9,288.99,100.0,0.0,0.0
2025-11-01,PART003,Lighthouse Loans,PRD006,Loan Protection Plus,Credit Life,Free State,2,1,1,0,182600.0,91300.0,1205.16,602.58,50.0,50.0,0.0
2025-11-01,PART003,Lighthouse Loans,PRD006,Loan Protection Plus,Credit Life,Gauteng,9,7,2,0,1176300.0,130700.0,7763.58,862.62,77.78,22.22,0.0
2025-11-01,PART003,Lighthouse Loans,PRD006,Loan Protection Plus,Credit Life,KwaZulu-Natal,4,2,2,0,552900.0,138225.0,3649.14,912.28,50.0,50.0,0.0
2025-11-01,PART003,Lighthouse Loans,PRD006,Loan Protection Plus,Credit Life,Limpopo,2,2,0,0,268900.0,134450.0,1774.74,887.37,100.0,0.0,0.0
2025-11-01,PART003,Lighthouse Loans,PRD006,Loan Protection Plus,Credit Life,Mpumalanga,6,6,0,0,827800.0,137966.67,5463.48,910.58,100.0,0.0,0.0
2025-11-01,PART003,Lighthouse Loans,PRD006,Loan Protection Plus,Credit Life,North West,1,0,0,1,150400.0,150400.0,992.64,992.64,0.0,0.0,100.0
2025-11-01,PART003,Lighthouse Loans,PRD006,Loan Protection Plus,Credit Life,Western Cape,5,4,1,0,615600.0,123120.0,4062.96,812.59,80.0,20.0,0.0
2025-11-01,PART004,Khula Bank,PRD007,Bank Credit Protect,Credit Life,Eastern Cape,2,2,0,0,232300.0,116150.0,1138.27,569.14,100.0,0.0,0.0
2025-11-01,PART004,Khula Bank,PRD007,Bank Credit Protect,Credit Life,Free State,1,1,0,0,184800.0,184800.0,905.52,905.52,100.0,0.0,0.0
2025-11-01,PART004,Khula Bank,PRD007,Bank Credit Protect,Credit Life,Gauteng,9,8,1,0,1081200.0,120133.33,5297.88,588.65,88.89,11.11,0.0
2025-11-01,PART004,Khula Bank,PRD007,Bank Credit Protect,Credit Life,KwaZulu-Natal,2,2,0,0,329300.0,164650.0,1613.57,806.79,100.0,0.0,0.0
2025-11-01,PART004,Khula Bank,PRD007,Bank Credit Protect,Credit Life,Limpopo,2,2,0,0,257100.0,128550.0,1259.79,629.9,100.0,0.0,0.0
2025-11-01,PART004,Khula Bank,PRD007,Bank Credit Protect,Credit Life,Mpumalanga,2,1,1,0,177700.0,88850.0,870.73,435.36,50.0,50.0,0.0
2025-11-01,PART004,Khula Bank,PRD007,Bank Credit Protect,Credit Life,North West,2,2,0,0,232100.0,116050.0,1137.29,568.64,100.0,0.0,0.0
2025-11-01,PART004,Khula Bank,PRD007,Bank Credit Protect,Credit Life,Western Cape,2,2,0,0,119100.0,59550.0,583.59,291.8,100.0,0.0,0.0
2025-11-01,PART004,Khula Bank,PRD008,Bank Funeral,Funeral,Eastern Cape,1,0,0,1,50000.0,50000.0,79.33,79.33,0.0,0.0,100.0
2025-11-01,PART004,Khula Bank,PRD008,Bank Funeral,Funeral,Gauteng,5,5,0,0,275000.0,55000.0,436.33,87.27,100.0,0.0,0.0
2025-11-01,PART004,Khula Bank,PRD008,Bank Funeral,Funeral,KwaZulu-Natal,4,4,0,0,225000.0,56250.0,357.0,89.25,100.0,0.0,0.0
2025-11-01,PART004,Khula Bank,PRD008,Bank Funeral,Funeral,Limpopo,2,2,0,0,150000.0,75000.0,238.0,119.0,100.0,0.0,0.0
2025-11-01,PART004,Khula Bank,PRD008,Bank Funeral,Funeral,Mpumalanga,3,3,0,0,100000.0,33333.33,158.67,52.89,100.0,0.0,0.0
2025-11-01,PART004,Khula Bank,PRD008,Bank Funeral,Funeral,North West,2,2,0,0,200000.0,100000.0,317.34,158.67,100.0,0.0,0.0
2025-11-01,PART004,Khula Bank,PRD008,Bank Funeral,Funeral,Western Cape,6,5,1,0,375000.0,62500.0,595.0,99.17,83.33,16.67,0.0
2025-11-01,PART005,Nala Mobility Finance,PRD009,Vehicle Credit Protect,Credit Life,Eastern Cape,3,2,1,0,471300.0,157100.0,1979.46,659.82,66.67,33.33,0.0
2025-11-01,PART005,Nala Mobility Finance,PRD009,Vehicle Credit Protect,Credit Life,Free State,1,1,0,0,169700.0,169700.0,712.74,712.74,100.0,0.0,0.0
2025-11-01,PART005,Nala Mobility Finance,PRD009,Vehicle Credit Protect,Credit Life,Gauteng,9,4,4,1,1650200.0,183355.56,6930.84,770.09,44.44,44.44,11.11
2025-11-01,PART005,Nala Mobility Finance,PRD009,Vehicle Credit Protect,Credit Life,KwaZulu-Natal,1,1,0,0,286700.0,286700.0,1204.14,1204.14,100.0,0.0,0.0
2025-11-01,PART005,Nala Mobility Finance,PRD009,Vehicle Credit Protect,Credit Life,Limpopo,2,2,0,0,273100.0,136550.0,1147.02,573.51,100.0,0.0,0.0
2025-11-01,PART005,Nala Mobility Finance,PRD009,Vehicle Credit Protect,Credit Life,Mpumalanga,1,1,0,0,286300.0,286300.0,1202.46,1202.46,100.0,0.0,0.0
2025-11-01,PART005,Nala Mobility Finance,PRD009,Vehicle Credit Protect,Credit Life,North West,3,1,2,0,606700.0,202233.33,2548.14,849.38,33.33,66.67,0.0
2025-11-01,PART005,Nala Mobility Finance,PRD009,Vehicle Credit Protect,Credit Life,Western Cape,3,3,0,0,590700.0,196900.0,2480.94,826.98,100.0,0.0,0.0
2025-11-01,PART005,Nala Mobility Finance,PRD010,Vehicle Disability Cover,Disability,Free State,1,1,0,0,174900.0,174900.0,612.15,612.15,100.0,0.0,0.0
2025-11-01,PART005,Nala Mobility Finance,PRD010,Vehicle Disability Cover,Disability,Gauteng,6,4,2,0,1015200.0,169200.0,3553.2,592.2,66.67,33.33,0.0
2025-11-01,PART005,Nala Mobility Finance,PRD010,Vehicle Disability Cover,Disability,KwaZulu-Natal,1,1,0,0,240100.0,240100.0,840.35,840.35,100.0,0.0,0.0
2025-11-01,PART005,Nala Mobility Finance,PRD010,Vehicle Disability Cover,Disability,Limpopo,1,1,0,0,226400.0,226400.0,792.4,792.4,100.0,0.0,0.0
2025-11-01,PART005,Nala Mobility Finance,PRD010,Vehicle Disability Cover,Disability,Mpumalanga,3,3,0,0,490500.0,163500.0,1716.75,572.25,100.0,0.0,0.0
2025-11-01,PART005,Nala Mobility Finance,PRD010,Vehicle Disability Cover,Disability,Western Cape,1,1,0,0,125800.0,125800.0,440.3,440.3,100.0,0.0,0.0
2025-12-01,PART001,Ubuntu Credit,PRD001,Credit Life Basic,Credit Life,Eastern Cape,3,3,0,0,130800.0,43600.0,627.84,209.28,100.0,0.0,0.0
2025-12-01,PART001,Ubuntu Credit,PRD001,Credit Life Basic,Credit Life,Gauteng,12,11,1,0,566700.0,47225.0,2720.16,226.68,91.67,8.33,0.0
2025-12-01,PART001,Ubuntu Credit,PRD001,Credit Life Basic,Credit Life,KwaZulu-Natal,3,3,0,0,137900.0,45966.67,661.92,220.64,100.0,0.0,0.0
2025-12-01,PART001,Ubuntu Credit,PRD001,Credit Life Basic,Credit Life,Limpopo,3,2,1,0,100900.0,33633.33,484.32,161.44,66.67,33.33,0.0
2025-12-01,PART001,Ubuntu Credit,PRD001,Credit Life Basic,Credit Life,Mpumalanga,3,3,0,0,102400.0,34133.33,491.52,163.84,100.0,0.0,0.0
2025-12-01,PART001,Ubuntu Credit,PRD001,Credit Life Basic,Credit Life,North West,2,2,0,0,91900.0,45950.0,441.12,220.56,100.0,0.0,0.0
2025-12-01,PART001,Ubuntu Credit,PRD001,Credit Life Basic,Credit Life,Western Cape,6,5,0,1,272400.0,45400.0,1307.52,217.92,83.33,0.0,16.67
2025-12-01,PART001,Ubuntu Credit,PRD002,Credit Life Plus,Credit Life,Eastern Cape,2,2,0,0,109800.0,54900.0,680.76,340.38,100.0,0.0,0.0
2025-12-01,PART001,Ubuntu Credit,PRD002,Credit Life Plus,Credit Life,Free State,1,1,0,0,78600.0,78600.0,487.32,487.32,100.0,0.0,0.0
2025-12-01,PART001,Ubuntu Credit,PRD002,Credit Life Plus,Credit Life,Gauteng,9,9,0,0,865300.0,96144.44,5364.86,596.1,100.0,0.0,0.0
2025-12-01,PART001,Ubuntu Credit,PRD002,Credit Life Plus,Credit Life,KwaZulu-Natal,4,3,1,0,384000.0,96000.0,2380.8,595.2,75.0,25.0,0.0
2025-12-01,PART001,Ubuntu Credit,PRD002,Credit Life Plus,Credit Life,Limpopo,5,5,0,0,508700.0,101740.0,3153.94,630.79,100.0,0.0,0.0
2025-12-01,PART001,Ubuntu Credit,PRD002,Credit Life Plus,Credit Life,Mpumalanga,2,2,0,0,198600.0,99300.0,1231.32,615.66,100.0,0.0,0.0
2025-12-01,PART001,Ubuntu Credit,PRD002,Credit Life Plus,Credit Life,North West,1,1,0,0,109900.0,109900.0,681.38,681.38,100.0,0.0,0.0
2025-12-01,PART001,Ubuntu Credit,PRD002,Credit Life Plus,Credit Life,Western Cape,8,6,2,0,755500.0,94437.5,4684.1,585.51,75.0,25.0,0.0
2025-12-01,PART002,Mzanzi Retail Fin.,PRD003,Retail funeral,Funeral,Eastern Cape,4,3,0,1,275000.0,68750.0,489.5,122.38,75.0,0.0,25.0
2025-12-01,PART002,Mzanzi Retail Fin.,PRD003,Retail funeral,Funeral,Free State,1,1,0,0,25000.0,25000.0,44.5,44.5,100.0,0.0,0.0
2025-12-01,PART002,Mzanzi Retail Fin.,PRD003,Retail funeral,Funeral,Gauteng,9,8,1,0,600000.0,66666.67,1068.0,118.67,88.89,11.11,0.0
2025-12-01,PART002,Mzanzi Retail Fin.,PRD003,Retail funeral,Funeral,KwaZulu-Natal,2,1,1,0,100000.0,50000.0,178.0,89.0,50.0,50.0,0.0
2025-12-01,PART002,Mzanzi Retail Fin.,PRD003,Retail funeral,Funeral,Limpopo,3,2,1,0,200000.0,66666.67,356.0,118.67,66.67,33.33,0.0
2025-12-01,PART002,Mzanzi Retail Fin.,PRD003,Retail funeral,Funeral,Mpumalanga,1,1,0,0,50000.0,50000.0,89.0,89.0,100.0,0.0,0.0
2025-12-01,PART002,Mzanzi Retail Fin.,PRD003,Retail funeral,Funeral,North West,1,1,0,0,25000.0,25000.0,44.5,44.5,100.0,0.0,0.0
2025-12-01,PART002,Mzanzi Retail Fin.,PRD003,Retail funeral,Funeral,Western Cape,4,3,0,1,200000.0,50000.0,356.0,89.0,75.0,0.0,25.0
2025-12-01,PART002,Mzanzi Retail Fin.,PRD004,Family Funeral Plus,Funeral,Eastern Cape,2,2,0,0,125000.0,62500.0,186.25,93.12,100.0,0.0,0.0
2025-12-01,PART002,Mzanzi Retail Fin.,PRD004,Family Funeral Plus,Funeral,Free State,3,3,0,0,175000.0,58333.33,260.75,86.92,100.0,0.0,0.0
2025-12-01,PART002,Mzanzi Retail Fin.,PRD004,Family Funeral Plus,Funeral,Gauteng,6,3,1,2,250000.0,41666.67,372.5,62.08,50.0,16.67,33.33
2025-12-01,PART002,Mzanzi Retail Fin.,PRD004,Family Funeral Plus,Funeral,KwaZulu-Natal,1,1,0,0,75000.0,75000.0,111.75,111.75,100.0,0.0,0.0
2025-12-01,PART002,Mzanzi Retail Fin.,PRD004,Family Funeral Plus,Funeral,Limpopo,1,1,0,0,50000.0,50000.0,74.5,74.5,100.0,0.0,0.0
2025-12-01,PART002,Mzanzi Retail Fin.,PRD004,Family Funeral Plus,Funeral,Mpumalanga,1,1,0,0,50000.0,50000.0,74.5,74.5,100.0,0.0,0.0
2025-12-01,PART002,Mzanzi Retail Fin.,PRD004,Family Funeral Plus,Funeral,North West,2,1,1,0,100000.0,50000.0,149.0,74.5,50.0,50.0,0.0
2025-12-01,PART002,Mzanzi Retail Fin.,PRD004,Family Funeral Plus,Funeral,Western Cape,3,3,0,0,275000.0,91666.67,409.75,136.58,100.0,0.0,0.0
2025-12-01,PART003,Lighthouse Loans,PRD005,Loan Protection,Credit Life,Eastern Cape,2,2,0,0,108400.0,54200.0,596.2,298.1,100.0,0.0,0.0
2025-12-01,PART003,Lighthouse Loans,PRD005,Loan Protection,Credit Life,Gauteng,6,5,1,0,383900.0,63983.33,2111.45,351.91,83.33,16.67,0.0
2025-12-01,PART003,Lighthouse Loans,PRD005,Loan Protection,Credit Life,KwaZulu-Natal,2,2,0,0,117800.0,58900.0,647.9,323.95,100.0,0.0,0.0
2025-12-01,PART003,Lighthouse Loans,PRD005,Loan Protection,Credit Life,Limpopo,2,2,0,0,178300.0,89150.0,980.65,490.33,100.0,0.0,0.0
2025-12-01,PART003,Lighthouse Loans,PRD005,Loan Protection,Credit Life,North West,1,1,0,0,33600.0,33600.0,184.8,184.8,100.0,0.0,0.0
2025-12-01,PART003,Lighthouse Loans,PRD005,Loan Protection,Credit Life,Western Cape,4,4,0,0,205300.0,51325.0,1129.15,282.29,100.0,0.0,0.0
2025-12-01,PART003,Lighthouse Loans,PRD006,Loan Protection Plus,Credit Life,Eastern Cape,2,2,0,0,201100.0,100550.0,1327.26,663.63,100.0,0.0,0.0
2025-12-01,PART003,Lighthouse Loans,PRD006,Loan Protection Plus,Credit Life,Free State,1,1,0,0,97500.0,97500.0,643.5,643.5,100.0,0.0,0.0
2025-12-01,PART003,Lighthouse Loans,PRD006,Loan Protection Plus,Credit Life,Gauteng,9,8,1,0,1185500.0,131722.22,7824.3,869.37,88.89,11.11,0.0
2025-12-01,PART003,Lighthouse Loans,PRD006,Loan Protection Plus,Credit Life,KwaZulu-Natal,2,2,0,0,217100.0,108550.0,1432.86,716.43,100.0,0.0,0.0
2025-12-01,PART003,Lighthouse Loans,PRD006,Loan Protection Plus,Credit Life,Limpopo,1,1,0,0,70600.0,70600.0,465.96,465.96,100.0,0.0,0.0
2025-12-01,PART003,Lighthouse Loans,PRD006,Loan Protection Plus,Credit Life,Mpumalanga,2,2,0,0,263200.0,131600.0,1737.12,868.56,100.0,0.0,0.0
2025-12-01,PART003,Lighthouse Loans,PRD006,Loan Protection Plus,Credit Life,North West,1,1,0,0,134400.0,134400.0,887.04,887.04,100.0,0.0,0.0
2025-12-01,PART003,Lighthouse Loans,PRD006,Loan Protection Plus,Credit Life,Western Cape,6,3,3,0,800700.0,133450.0,5284.62,880.77,50.0,50.0,0.0
2025-12-01,PART004,Khula Bank,PRD007,Bank Credit Protect,Credit Life,Eastern Cape,1,1,0,0,182700.0,182700.0,895.23,895.23,100.0,0.0,0.0
2025-12-01,PART004,Khula Bank,PRD007,Bank Credit Protect,Credit Life,Free State,1,1,0,0,57600.0,57600.0,282.24,282.24,100.0,0.0,0.0
2025-12-01,PART004,Khula Bank,PRD007,Bank Credit Protect,Credit Life,Gauteng,13,12,1,0,1525200.0,117323.08,7473.48,574.88,92.31,7.69,0.0
2025-12-01,PART004,Khula Bank,PRD007,Bank Credit Protect,Credit Life,KwaZulu-Natal,5,5,0,0,769600.0,153920.0,3771.04,754.21,100.0,0.0,0.0
2025-12-01,PART004,Khula Bank,PRD007,Bank Credit Protect,Credit Life,Limpopo,3,3,0,0,389300.0,129766.67,1907.57,635.86,100.0,0.0,0.0
2025-12-01,PART004,Khula Bank,PRD007,Bank Credit Protect,Credit Life,Mpumalanga,2,2,0,0,280400.0,140200.0,1373.96,686.98,100.0,0.0,0.0
2025-12-01,PART004,Khula Bank,PRD007,Bank Credit Protect,Credit Life,North West,4,3,1,0,289000.0,72250.0,1416.1,354.02,75.0,25.0,0.0
2025-12-01,PART004,Khula Bank,PRD007,Bank Credit Protect,Credit Life,Western Cape,5,5,0,0,663300.0,132660.0,3250.17,650.03,100.0,0.0,0.0
2025-12-01,PART004,Khula Bank,PRD008,Bank Funeral,Funeral,Eastern Cape,3,3,0,0,250000.0,83333.33,396.67,132.22,100.0,0.0,0.0
2025-12-01,PART004,Khula Bank,PRD008,Bank Funeral,Funeral,Free State,1,0,1,0,75000.0,75000.0,119.0,119.0,0.0,100.0,0.0
2025-12-01,PART004,Khula Bank,PRD008,Bank Funeral,Funeral,Gauteng,7,6,0,1,250000.0,35714.29,396.67,56.67,85.71,0.0,14.29
2025-12-01,PART004,Khula Bank,PRD008,Bank Funeral,Funeral,KwaZulu-Natal,7,7,0,0,425000.0,60714.29,674.34,96.33,100.0,0.0,0.0
2025-12-01,PART004,Khula Bank,PRD008,Bank Funeral,Funeral,Limpopo,1,0,1,0,50000.0,50000.0,79.33,79.33,0.0,100.0,0.0
2025-12-01,PART004,Khula Bank,PRD008,Bank Funeral,Funeral,Mpumalanga,2,1,1,0,100000.0,50000.0,158.67,79.34,50.0,50.0,0.0
2025-12-01,PART004,Khula Bank,PRD008,Bank Funeral,Funeral,North West,2,2,0,0,125000.0,62500.0,198.33,99.16,100.0,0.0,0.0
2025-12-01,PART004,Khula Bank,PRD008,Bank Funeral,Funeral,Western Cape,2,1,1,0,50000.0,25000.0,79.34,39.67,50.0,50.0,0.0
2025-12-01,PART005,Nala Mobility Finance,PRD009,Vehicle Credit Protect,Credit Life,Free State,1,1,0,0,214200.0,214200.0,899.64,899.64,100.0,0.0,0.0
2025-12-01,PART005,Nala Mobility Finance,PRD009,Vehicle Credit Protect,Credit Life,Gauteng,10,8,2,0,2153900.0,215390.0,9046.38,904.64,80.0,20.0,0.0
2025-12-01,PART005,Nala Mobility Finance,PRD009,Vehicle Credit Protect,Credit Life,KwaZulu-Natal,1,1,0,0,241200.0,241200.0,1013.04,1013.04,100.0,0.0,0.0
2025-12-01,PART005,Nala Mobility Finance,PRD009,Vehicle Credit Protect,Credit Life,Limpopo,2,2,0,0,415800.0,207900.0,1746.36,873.18,100.0,0.0,0.0
2025-12-01,PART005,Nala Mobility Finance,PRD009,Vehicle Credit Protect,Credit Life,Mpumalanga,2,2,0,0,493400.0,246700.0,2072.28,1036.14,100.0,0.0,0.0
2025-12-01,PART005,Nala Mobility Finance,PRD009,Vehicle Credit Protect,Credit Life,Western Cape,2,2,0,0,469100.0,234550.0,1970.22,985.11,100.0,0.0,0.0
2025-12-01,PART005,Nala Mobility Finance,PRD010,Vehicle Disability Cover,Disability,Eastern Cape,3,3,0,0,561500.0,187166.67,1965.25,655.08,100.0,0.0,0.0
2025-12-01,PART005,Nala Mobility Finance,PRD010,Vehicle Disability Cover,Disability,Gauteng,5,4,1,0,696800.0,139360.0,2438.8,487.76,80.0,20.0,0.0
2025-12-01,PART005,Nala Mobility Finance,PRD010,Vehicle Disability Cover,Disability,KwaZulu-Natal,1,1,0,0,95600.0,95600.0,334.6,334.6,100.0,0.0,0.0
2025-12-01,PART005,Nala Mobility Finance,PRD010,Vehicle Disability Cover,Disability,Mpumalanga,1,1,0,0,191000.0,191000.0,668.5,668.5,100.0,0.0,0.0
2025-12-01,PART005,Nala Mobility Finance,PRD010,Vehicle Disability Cover,Disability,Western Cape,5,4,1,0,661000.0,132200.0,2313.5,462.7,80.0,20.0,0.0
2026-01-01,PART001,Ubuntu Credit,PRD001,Credit Life Basic,Credit Life,Eastern Cape,3,2,1,0,78100.0,26033.33,374.88,124.96,66.67,33.33,0.0
2026-01-01,PART001,Ubuntu Credit,PRD001,Credit Life Basic,Credit Life,Gauteng,3,2,1,0,136100.0,45366.67,653.28,217.76,66.67,33.33,0.0
2026-01-01,PART001,Ubuntu Credit,PRD001,Credit Life Basic,Credit Life,KwaZulu-Natal,4,2,1,1,147200.0,36800.0,706.56,176.64,50.0,25.0,25.0
2026-01-01,PART001,Ubuntu Credit,PRD001,Credit Life Basic,Credit Life,Limpopo,5,4,1,0,282200.0,56440.0,1354.56,270.91,80.0,20.0,0.0
2026-01-01,PART001,Ubuntu Credit,PRD001,Credit Life Basic,Credit Life,Mpumalanga,2,2,0,0,42400.0,21200.0,203.52,101.76,100.0,0.0,0.0
2026-01-01,PART001,Ubuntu Credit,PRD001,Credit Life Basic,Credit Life,North West,1,1,0,0,42500.0,42500.0,204.0,204.0,100.0,0.0,0.0
2026-01-01,PART001,Ubuntu Credit,PRD001,Credit Life Basic,Credit Life,Western Cape,6,6,0,0,298200.0,49700.0,1431.36,238.56,100.0,0.0,0.0
2026-01-01,PART001,Ubuntu Credit,PRD002,Credit Life Plus,Credit Life,Eastern Cape,5,4,0,1,597000.0,119400.0,3701.4,740.28,80.0,0.0,20.0
2026-01-01,PART001,Ubuntu Credit,PRD002,Credit Life Plus,Credit Life,Gauteng,12,11,1,0,979000.0,81583.33,6069.8,505.82,91.67,8.33,0.0
2026-01-01,PART001,Ubuntu Credit,PRD002,Credit Life Plus,Credit Life,KwaZulu-Natal,10,9,1,0,951800.0,95180.0,5901.16,590.12,90.0,10.0,0.0
2026-01-01,PART001,Ubuntu Credit,PRD002,Credit Life Plus,Credit Life,Limpopo,3,2,1,0,280000.0,93333.33,1736.0,578.67,66.67,33.33,0.0
2026-01-01,PART001,Ubuntu Credit,PRD002,Credit Life Plus,Credit Life,Mpumalanga,1,0,0,1,55700.0,55700.0,345.34,345.34,0.0,0.0,100.0
2026-01-01,PART001,Ubuntu Credit,PRD002,Credit Life Plus,Credit Life,North West,3,3,0,0,222100.0,74033.33,1377.02,459.01,100.0,0.0,0.0
2026-01-01,PART001,Ubuntu Credit,PRD002,Credit Life Plus,Credit Life,Western Cape,5,3,2,0,495200.0,99040.0,3070.24,614.05,60.0,40.0,0.0
2026-01-01,PART002,Mzanzi Retail Fin.,PRD003,Retail funeral,Funeral,Free State,3,3,0,0,175000.0,58333.33,311.5,103.83,100.0,0.0,0.0
2026-01-01,PART002,Mzanzi Retail Fin.,PRD003,Retail funeral,Funeral,Gauteng,6,6,0,0,350000.0,58333.33,623.0,103.83,100.0,0.0,0.0
2026-01-01,PART002,Mzanzi Retail Fin.,PRD003,Retail funeral,Funeral,KwaZulu-Natal,4,4,0,0,175000.0,43750.0,311.5,77.88,100.0,0.0,0.0
2026-01-01,PART002,Mzanzi Retail Fin.,PRD003,Retail funeral,Funeral,Mpumalanga,2,2,0,0,175000.0,87500.0,311.5,155.75,100.0,0.0,0.0
2026-01-01,PART002,Mzanzi Retail Fin.,PRD003,Retail funeral,Funeral,North West,2,2,0,0,125000.0,62500.0,222.5,111.25,100.0,0.0,0.0
2026-01-01,PART002,Mzanzi Retail Fin.,PRD003,Retail funeral,Funeral,Western Cape,9,5,3,1,575000.0,63888.89,1023.5,113.72,55.56,33.33,11.11
2026-01-01,PART002,Mzanzi Retail Fin.,PRD004,Family Funeral Plus,Funeral,Gauteng,6,5,1,0,300000.0,50000.0,447.0,74.5,83.33,16.67,0.0
2026-01-01,PART002,Mzanzi Retail Fin.,PRD004,Family Funeral Plus,Funeral,KwaZulu-Natal,5,5,0,0,275000.0,55000.0,409.75,81.95,100.0,0.0,0.0
2026-01-01,PART002,Mzanzi Retail Fin.,PRD004,Family Funeral Plus,Funeral,Limpopo,1,1,0,0,25000.0,25000.0,37.25,37.25,100.0,0.0,0.0
2026-01-01,PART002,Mzanzi Retail Fin.,PRD004,Family Funeral Plus,Funeral,Western Cape,1,1,0,0,50000.0,50000.0,74.5,74.5,100.0,0.0,0.0
2026-01-01,PART003,Lighthouse Loans,PRD005,Loan Protection,Credit Life,Eastern Cape,2,2,0,0,163300.0,81650.0,898.15,449.08,100.0,0.0,0.0
2026-01-01,PART003,Lighthouse Loans,PRD005,Loan Protection,Credit Life,Free State,1,1,0,0,54400.0,54400.0,299.2,299.2,100.0,0.0,0.0
2026-01-01,PART003,Lighthouse Loans,PRD005,Loan Protection,Credit Life,Gauteng,6,6,0,0,431300.0,71883.33,2372.15,395.36,100.0,0.0,0.0
2026-01-01,PART003,Lighthouse Loans,PRD005,Loan Protection,Credit Life,KwaZulu-Natal,5,3,2,0,375700.0,75140.0,2066.35,413.27,60.0,40.0,0.0
2026-01-01,PART003,Lighthouse Loans,PRD005,Loan Protection,Credit Life,Limpopo,2,1,0,1,153600.0,76800.0,844.8,422.4,50.0,0.0,50.0
2026-01-01,PART003,Lighthouse Loans,PRD005,Loan Protection,Credit Life,Mpumalanga,1,1,0,0,25500.0,25500.0,140.25,140.25,100.0,0.0,0.0
2026-01-01,PART003,Lighthouse Loans,PRD005,Loan Protection,Credit Life,North West,2,2,0,0,140900.0,70450.0,774.95,387.48,100.0,0.0,0.0
2026-01-01,PART003,Lighthouse Loans,PRD005,Loan Protection,Credit Life,Western Cape,7,6,1,0,510700.0,72957.14,2808.85,401.26,85.71,14.29,0.0
2026-01-01,PART003,Lighthouse Loans,PRD006,Loan Protection Plus,Credit Life,Eastern Cape,2,2,0,0,279800.0,139900.0,1846.68,923.34,100.0,0.0,0.0
2026-01-01,PART003,Lighthouse Loans,PRD006,Loan Protection Plus,Credit Life,Free State,2,0,1,1,275700.0,137850.0,1819.62,909.81,0.0,50.0,50.0
2026-01-01,PART003,Lighthouse Loans,PRD006,Loan Protection Plus,Credit Life,Gauteng,8,7,1,0,957400.0,119675.0,6318.84,789.86,87.5,12.5,0.0
2026-01-01,PART003,Lighthouse Loans,PRD006,Loan Protection Plus,Credit Life,Mpumalanga,1,1,0,0,50400.0,50400.0,332.64,332.64,100.0,0.0,0.0
2026-01-01,PART003,Lighthouse Loans,PRD006,Loan Protection Plus,Credit Life,Western Cape,1,1,0,0,71100.0,71100.0,469.26,469.26,100.0,0.0,0.0
2026-01-01,PART004,Khula Bank,PRD007,Bank Credit Protect,Credit Life,Eastern Cape,4,2,1,1,464800.0,116200.0,2277.52,569.38,50.0,25.0,25.0
2026-01-01,PART004,Khula Bank,PRD007,Bank Credit Protect,Credit Life,Gauteng,7,6,1,0,947200.0,135314.29,4641.28,663.04,85.71,14.29,0.0
2026-01-01,PART004,Khula Bank,PRD007,Bank Credit Protect,Credit Life,KwaZulu-Natal,5,4,0,1,641200.0,128240.0,3141.88,628.38,80.0,0.0,20.0
2026-01-01,PART004,Khula Bank,PRD007,Bank Credit Protect,Credit Life,Mpumalanga,4,3,1,0,463300.0,115825.0,2270.17,567.54,75.0,25.0,0.0
2026-01-01,PART004,Khula Bank,PRD007,Bank Credit Protect,Credit Life,North West,2,1,0,1,245800.0,122900.0,1204.42,602.21,50.0,0.0,50.0
2026-01-01,PART004,Khula Bank,PRD007,Bank Credit Protect,Credit Life,Western Cape,4,4,0,0,617500.0,154375.0,3025.75,756.44,100.0,0.0,0.0
2026-01-01,PART004,Khula Bank,PRD008,Bank Funeral,Funeral,Eastern Cape,2,2,0,0,125000.0,62500.0,198.34,99.17,100.0,0.0,0.0
2026-01-01,PART004,Khula Bank,PRD008,Bank Funeral,Funeral,Free State,3,2,1,0,225000.0,75000.0,357.0,119.0,66.67,33.33,0.0
2026-01-01,PART004,Khula Bank,PRD008,Bank Funeral,Funeral,Gauteng,8,8,0,0,425000.0,53125.0,674.33,84.29,100.0,0.0,0.0
2026-01-01,PART004,Khula Bank,PRD008,Bank Funeral,Funeral,KwaZulu-Natal,5,4,1,0,350000.0,70000.0,555.33,111.07,80.0,20.0,0.0
2026-01-01,PART004,Khula Bank,PRD008,Bank Funeral,Funeral,Limpopo,2,1,1,0,125000.0,62500.0,198.34,99.17,50.0,50.0,0.0
2026-01-01,PART004,Khula Bank,PRD008,Bank Funeral,Funeral,Mpumalanga,1,1,0,0,25000.0,25000.0,39.67,39.67,100.0,0.0,0.0
2026-01-01,PART004,Khula Bank,PRD008,Bank Funeral,Funeral,North West,1,1,0,0,50000.0,50000.0,79.33,79.33,100.0,0.0,0.0
2026-01-01,PART004,Khula Bank,PRD008,Bank Funeral,Funeral,Western Cape,5,4,1,0,200000.0,40000.0,317.34,63.47,80.0,20.0,0.0
2026-01-01,PART005,Nala Mobility Finance,PRD009,Vehicle Credit Protect,Credit Life,Free State,2,1,1,0,505600.0,252800.0,2123.52,1061.76,50.0,50.0,0.0
2026-01-01,PART005,Nala Mobility Finance,PRD009,Vehicle Credit Protect,Credit Life,Gauteng,7,3,3,1,1267500.0,181071.43,5323.5,760.5,42.86,42.86,14.29
2026-01-01,PART005,Nala Mobility Finance,PRD009,Vehicle Credit Protect,Credit Life,KwaZulu-Natal,2,2,0,0,168200.0,84100.0,706.44,353.22,100.0,0.0,0.0
2026-01-01,PART005,Nala Mobility Finance,PRD009,Vehicle Credit Protect,Credit Life,Limpopo,2,1,1,0,440000.0,220000.0,1848.0,924.0,50.0,50.0,0.0
2026-01-01,PART005,Nala Mobility Finance,PRD009,Vehicle Credit Protect,Credit Life,Mpumalanga,5,5,0,0,761500.0,152300.0,3198.3,639.66,100.0,0.0,0.0
2026-01-01,PART005,Nala Mobility Finance,PRD009,Vehicle Credit Protect,Credit Life,Western Cape,5,5,0,0,780100.0,156020.0,3276.42,655.28,100.0,0.0,0.0
2026-01-01,PART005,Nala Mobility Finance,PRD010,Vehicle Disability Cover,Disability,Gauteng,4,4,0,0,738600.0,184650.0,2585.1,646.28,100.0,0.0,0.0
2026-01-01,PART005,Nala Mobility Finance,PRD010,Vehicle Disability Cover,Disability,KwaZulu-Natal,5,5,0,0,898600.0,179720.0,3145.1,629.02,100.0,0.0,0.0
2026-01-01,PART005,Nala Mobility Finance,PRD010,Vehicle Disability Cover,Disability,Limpopo,1,1,0,0,203500.0,203500.0,712.25,712.25,100.0,0.0,0.0
2026-01-01,PART005,Nala Mobility Finance,PRD010,Vehicle Disability Cover,Disability,Mpumalanga,1,1,0,0,200400.0,200400.0,701.4,701.4,100.0,0.0,0.0
2026-01-01,PART005,Nala Mobility Finance,PRD010,Vehicle Disability Cover,Disability,North West,2,2,0,0,358200.0,179100.0,1253.7,626.85,100.0,0.0,0.0
2026-01-01,PART005,Nala Mobility Finance,PRD010,Vehicle Disability Cover,Disability,Western Cape,3,1,2,0,324800.0,108266.67,1136.8,378.93,33.33,66.67,0.0
2026-02-01,PART001,Ubuntu Credit,PRD001,Credit Life Basic,Credit Life,Eastern Cape,3,3,0,0,109400.0,36466.67,525.12,175.04,100.0,0.0,0.0
2026-02-01,PART001,Ubuntu Credit,PRD001,Credit Life Basic,Credit Life,Gauteng,20,16,2,2,987300.0,49365.0,4739.04,236.95,80.0,10.0,10.0
2026-02-01,PART001,Ubuntu Credit,PRD001,Credit Life Basic,Credit Life,KwaZulu-Natal,5,4,1,0,257100.0,51420.0,1234.08,246.82,80.0,20.0,0.0
2026-02-01,PART001,Ubuntu Credit,PRD001,Credit Life Basic,Credit Life,Limpopo,2,2,0,0,84100.0,42050.0,403.68,201.84,100.0,0.0,0.0
2026-02-01,PART001,Ubuntu Credit,PRD001,Credit Life Basic,Credit Life,North West,1,0,1,0,45000.0,45000.0,216.0,216.0,0.0,100.0,0.0
2026-02-01,PART001,Ubuntu Credit,PRD001,Credit Life Basic,Credit Life,Western Cape,3,3,0,0,163000.0,54333.33,782.4,260.8,100.0,0.0,0.0
2026-02-01,PART001,Ubuntu Credit,PRD002,Credit Life Plus,Credit Life,Eastern Cape,2,2,0,0,258600.0,129300.0,1603.32,801.66,100.0,0.0,0.0
2026-02-01,PART001,Ubuntu Credit,PRD002,Credit Life Plus,Credit Life,Free State,1,1,0,0,101900.0,101900.0,631.78,631.78,100.0,0.0,0.0
2026-02-01,PART001,Ubuntu Credit,PRD002,Credit Life Plus,Credit Life,Gauteng,9,8,1,0,658500.0,73166.67,4082.7,453.63,88.89,11.11,0.0
2026-02-01,PART001,Ubuntu Credit,PRD002,Credit Life Plus,Credit Life,KwaZulu-Natal,5,4,0,1,479800.0,95960.0,2974.76,594.95,80.0,0.0,20.0
2026-02-01,PART001,Ubuntu Credit,PRD002,Credit Life Plus,Credit Life,Limpopo,2,2,0,0,128900.0,64450.0,799.18,399.59,100.0,0.0,0.0
2026-02-01,PART001,Ubuntu Credit,PRD002,Credit Life Plus,Credit Life,Mpumalanga,1,1,0,0,95000.0,95000.0,589.0,589.0,100.0,0.0,0.0
2026-02-01,PART001,Ubuntu Credit,PRD002,Credit Life Plus,Credit Life,North West,1,1,0,0,80800.0,80800.0,500.96,500.96,100.0,0.0,0.0
2026-02-01,PART001,Ubuntu Credit,PRD002,Credit Life Plus,Credit Life,Western Cape,1,1,0,0,44800.0,44800.0,277.76,277.76,100.0,0.0,0.0
2026-02-01,PART002,Mzanzi Retail Fin.,PRD003,Retail funeral,Funeral,Eastern Cape,1,1,0,0,50000.0,50000.0,89.0,89.0,100.0,0.0,0.0
2026-02-01,PART002,Mzanzi Retail Fin.,PRD003,Retail funeral,Funeral,Free State,3,1,1,1,175000.0,58333.33,311.5,103.83,33.33,33.33,33.33
2026-02-01,PART002,Mzanzi Retail Fin.,PRD003,Retail funeral,Funeral,Gauteng,5,2,3,0,375000.0,75000.0,667.5,133.5,40.0,60.0,0.0
2026-02-01,PART002,Mzanzi Retail Fin.,PRD003,Retail funeral,Funeral,KwaZulu-Natal,3,2,1,0,275000.0,91666.67,489.5,163.17,66.67,33.33,0.0
2026-02-01,PART002,Mzanzi Retail Fin.,PRD003,Retail funeral,Funeral,Limpopo,2,1,1,0,150000.0,75000.0,267.0,133.5,50.0,50.0,0.0
2026-02-01,PART002,Mzanzi Retail Fin.,PRD003,Retail funeral,Funeral,Mpumalanga,3,3,0,0,175000.0,58333.33,311.5,103.83,100.0,0.0,0.0
2026-02-01,PART002,Mzanzi Retail Fin.,PRD003,Retail funeral,Funeral,North West,2,2,0,0,150000.0,75000.0,267.0,133.5,100.0,0.0,0.0
2026-02-01,PART002,Mzanzi Retail Fin.,PRD003,Retail funeral,Funeral,Western Cape,4,4,0,0,275000.0,68750.0,489.5,122.38,100.0,0.0,0.0
2026-02-01,PART002,Mzanzi Retail Fin.,PRD004,Family Funeral Plus,Funeral,Eastern Cape,2,2,0,0,150000.0,75000.0,223.5,111.75,100.0,0.0,0.0
2026-02-01,PART002,Mzanzi Retail Fin.,PRD004,Family Funeral Plus,Funeral,Free State,2,2,0,0,75000.0,37500.0,111.75,55.88,100.0,0.0,0.0
2026-02-01,PART002,Mzanzi Retail Fin.,PRD004,Family Funeral Plus,Funeral,Gauteng,4,2,2,0,250000.0,62500.0,372.5,93.12,50.0,50.0,0.0
2026-02-01,PART002,Mzanzi Retail Fin.,PRD004,Family Funeral Plus,Funeral,KwaZulu-Natal,2,1,1,0,175000.0,87500.0,260.75,130.38,50.0,50.0,0.0
2026-02-01,PART002,Mzanzi Retail Fin.,PRD004,Family Funeral Plus,Funeral,North West,3,3,0,0,100000.0,33333.33,149.0,49.67,100.0,0.0,0.0
2026-02-01,PART002,Mzanzi Retail Fin.,PRD004,Family Funeral Plus,Funeral,Western Cape,1,1,0,0,100000.0,100000.0,149.0,149.0,100.0,0.0,0.0
2026-02-01,PART003,Lighthouse Loans,PRD005,Loan Protection,Credit Life,Eastern Cape,2,2,0,0,94500.0,47250.0,519.75,259.88,100.0,0.0,0.0
2026-02-01,PART003,Lighthouse Loans,PRD005,Loan Protection,Credit Life,Gauteng,6,6,0,0,450200.0,75033.33,2476.1,412.68,100.0,0.0,0.0
2026-02-01,PART003,Lighthouse Loans,PRD005,Loan Protection,Credit Life,KwaZulu-Natal,7,7,0,0,468600.0,66942.86,2577.3,368.19,100.0,0.0,0.0
2026-02-01,PART003,Lighthouse Loans,PRD005,Loan Protection,Credit Life,Mpumalanga,1,1,0,0,47500.0,47500.0,261.25,261.25,100.0,0.0,0.0
2026-02-01,PART003,Lighthouse Loans,PRD005,Loan Protection,Credit Life,Western Cape,4,3,1,0,208200.0,52050.0,1145.1,286.27,75.0,25.0,0.0
2026-02-01,PART003,Lighthouse Loans,PRD006,Loan Protection Plus,Credit Life,Free State,3,1,2,0,555800.0,185266.67,3668.28,1222.76,33.33,66.67,0.0
2026-02-01,PART003,Lighthouse Loans,PRD006,Loan Protection Plus,Credit Life,Gauteng,2,2,0,0,281100.0,140550.0,1855.26,927.63,100.0,0.0,0.0
2026-02-01,PART003,Lighthouse Loans,PRD006,Loan Protection Plus,Credit Life,KwaZulu-Natal,2,2,0,0,292100.0,146050.0,1927.86,963.93,100.0,0.0,0.0
2026-02-01,PART003,Lighthouse Loans,PRD006,Loan Protection Plus,Credit Life,Limpopo,1,0,1,0,81400.0,81400.0,537.24,537.24,0.0,100.0,0.0
2026-02-01,PART003,Lighthouse Loans,PRD006,Loan Protection Plus,Credit Life,Mpumalanga,2,2,0,0,244600.0,122300.0,1614.36,807.18,100.0,0.0,0.0
2026-02-01,PART003,Lighthouse Loans,PRD006,Loan Protection Plus,Credit Life,North West,2,2,0,0,274900.0,137450.0,1814.34,907.17,100.0,0.0,0.0
2026-02-01,PART003,Lighthouse Loans,PRD006,Loan Protection Plus,Credit Life,Western Cape,3,2,1,0,309400.0,103133.33,2042.04,680.68,66.67,33.33,0.0
2026-02-01,PART004,Khula Bank,PRD007,Bank Credit Protect,Credit Life,Eastern Cape,2,2,0,0,237300.0,118650.0,1162.77,581.38,100.0,0.0,0.0
2026-02-01,PART004,Khula Bank,PRD007,Bank Credit Protect,Credit Life,Free State,2,2,0,0,229600.0,114800.0,1125.04,562.52,100.0,0.0,0.0
2026-02-01,PART004,Khula Bank,PRD007,Bank Credit Protect,Credit Life,Gauteng,14,14,0,0,1742000.0,124428.57,8535.8,609.7,100.0,0.0,0.0
2026-02-01,PART004,Khula Bank,PRD007,Bank Credit Protect,Credit Life,KwaZulu-Natal,4,3,0,1,426700.0,106675.0,2090.83,522.71,75.0,0.0,25.0
2026-02-01,PART004,Khula Bank,PRD007,Bank Credit Protect,Credit Life,Limpopo,2,2,0,0,246100.0,123050.0,1205.89,602.95,100.0,0.0,0.0
2026-02-01,PART004,Khula Bank,PRD007,Bank Credit Protect,Credit Life,Mpumalanga,1,1,0,0,109400.0,109400.0,536.06,536.06,100.0,0.0,0.0
2026-02-01,PART004,Khula Bank,PRD007,Bank Credit Protect,Credit Life,North West,1,1,0,0,85500.0,85500.0,418.95,418.95,100.0,0.0,0.0
2026-02-01,PART004,Khula Bank,PRD007,Bank Credit Protect,Credit Life,Western Cape,8,6,2,0,1190400.0,148800.0,5832.96,729.12,75.0,25.0,0.0
2026-02-01,PART004,Khula Bank,PRD008,Bank Funeral,Funeral,Eastern Cape,4,3,1,0,200000.0,50000.0,317.34,79.34,75.0,25.0,0.0
2026-02-01,PART004,Khula Bank,PRD008,Bank Funeral,Funeral,Gauteng,5,2,2,1,225000.0,45000.0,357.0,71.4,40.0,40.0,20.0
2026-02-01,PART004,Khula Bank,PRD008,Bank Funeral,Funeral,KwaZulu-Natal,4,4,0,0,250000.0,62500.0,396.67,99.17,100.0,0.0,0.0
2026-02-01,PART004,Khula Bank,PRD008,Bank Funeral,Funeral,Limpopo,2,2,0,0,100000.0,50000.0,158.67,79.34,100.0,0.0,0.0
2026-02-01,PART004,Khula Bank,PRD008,Bank Funeral,Funeral,Mpumalanga,2,2,0,0,175000.0,87500.0,277.67,138.83,100.0,0.0,0.0
2026-02-01,PART004,Khula Bank,PRD008,Bank Funeral,Funeral,North West,2,1,1,0,200000.0,100000.0,317.34,158.67,50.0,50.0,0.0
2026-02-01,PART004,Khula Bank,PRD008,Bank Funeral,Funeral,Western Cape,3,3,0,0,125000.0,41666.67,198.33,66.11,100.0,0.0,0.0
2026-02-01,PART005,Nala Mobility Finance,PRD009,Vehicle Credit Protect,Credit Life,Eastern Cape,2,2,0,0,339100.0,169550.0,1424.22,712.11,100.0,0.0,0.0
2026-02-01,PART005,Nala Mobility Finance,PRD009,Vehicle Credit Protect,Credit Life,Gauteng,8,8,0,0,1387600.0,173450.0,5827.92,728.49,100.0,0.0,0.0
2026-02-01,PART005,Nala Mobility Finance,PRD009,Vehicle Credit Protect,Credit Life,KwaZulu-Natal,4,3,1,0,640800.0,160200.0,2691.36,672.84,75.0,25.0,0.0
2026-02-01,PART005,Nala Mobility Finance,PRD009,Vehicle Credit Protect,Credit Life,Mpumalanga,2,1,0,1,412900.0,206450.0,1734.18,867.09,50.0,0.0,50.0
2026-02-01,PART005,Nala Mobility Finance,PRD009,Vehicle Credit Protect,Credit Life,North West,1,1,0,0,204800.0,204800.0,860.16,860.16,100.0,0.0,0.0
2026-02-01,PART005,Nala Mobility Finance,PRD009,Vehicle Credit Protect,Credit Life,Western Cape,6,5,0,1,1294800.0,215800.0,5438.16,906.36,83.33,0.0,16.67
2026-02-01,PART005,Nala Mobility Finance,PRD010,Vehicle Disability Cover,Disability,Gauteng,10,7,2,1,1792700.0,179270.0,6274.45,627.44,70.0,20.0,10.0
2026-02-01,PART005,Nala Mobility Finance,PRD010,Vehicle Disability Cover,Disability,KwaZulu-Natal,2,2,0,0,246700.0,123350.0,863.45,431.72,100.0,0.0,0.0
2026-02-01,PART005,Nala Mobility Finance,PRD010,Vehicle Disability Cover,Disability,Limpopo,1,0,1,0,182700.0,182700.0,639.45,639.45,0.0,100.0,0.0
2026-02-01,PART005,Nala Mobility Finance,PRD010,Vehicle Disability Cover,Disability,Mpumalanga,1,1,0,0,178300.0,178300.0,624.05,624.05,100.0,0.0,0.0
2026-02-01,PART005,Nala Mobility Finance,PRD010,Vehicle Disability Cover,Disability,Western Cape,6,4,2,0,911700.0,151950.0,3190.95,531.82,66.67,33.33,0.0
2026-03-01,PART001,Ubuntu Credit,PRD001,Credit Life Basic,Credit Life,Eastern Cape,1,1,0,0,58500.0,58500.0,280.8,280.8,100.0,0.0,0.0
2026-03-01,PART001,Ubuntu Credit,PRD001,Credit Life Basic,Credit Life,Free State,1,1,0,0,29100.0,29100.0,139.68,139.68,100.0,0.0,0.0
2026-03-01,PART001,Ubuntu Credit,PRD001,Credit Life Basic,Credit Life,Gauteng,9,7,0,2,468300.0,52033.33,2247.84,249.76,77.78,0.0,22.22
2026-03-01,PART001,Ubuntu Credit,PRD001,Credit Life Basic,Credit Life,KwaZulu-Natal,1,1,0,0,71700.0,71700.0,344.16,344.16,100.0,0.0,0.0
2026-03-01,PART001,Ubuntu Credit,PRD001,Credit Life Basic,Credit Life,Limpopo,2,2,0,0,123800.0,61900.0,594.24,297.12,100.0,0.0,0.0
2026-03-01,PART001,Ubuntu Credit,PRD001,Credit Life Basic,Credit Life,Mpumalanga,2,1,0,1,128500.0,64250.0,616.8,308.4,50.0,0.0,50.0
2026-03-01,PART001,Ubuntu Credit,PRD001,Credit Life Basic,Credit Life,North West,1,1,0,0,70100.0,70100.0,336.48,336.48,100.0,0.0,0.0
2026-03-01,PART001,Ubuntu Credit,PRD001,Credit Life Basic,Credit Life,Western Cape,6,6,0,0,325900.0,54316.67,1564.32,260.72,100.0,0.0,0.0
2026-03-01,PART001,Ubuntu Credit,PRD002,Credit Life Plus,Credit Life,Eastern Cape,5,5,0,0,554000.0,110800.0,3434.8,686.96,100.0,0.0,0.0
2026-03-01,PART001,Ubuntu Credit,PRD002,Credit Life Plus,Credit Life,Free State,1,1,0,0,92300.0,92300.0,572.26,572.26,100.0,0.0,0.0
2026-03-01,PART001,Ubuntu Credit,PRD002,Credit Life Plus,Credit Life,Gauteng,12,11,0,1,1337100.0,111425.0,8290.02,690.84,91.67,0.0,8.33
2026-03-01,PART001,Ubuntu Credit,PRD002,Credit Life Plus,Credit Life,KwaZulu-Natal,4,2,0,2,399600.0,99900.0,2477.52,619.38,50.0,0.0,50.0
2026-03-01,PART001,Ubuntu Credit,PRD002,Credit Life Plus,Credit Life,Limpopo,3,3,0,0,295800.0,98600.0,1833.96,611.32,100.0,0.0,0.0
2026-03-01,PART001,Ubuntu Credit,PRD002,Credit Life Plus,Credit Life,Mpumalanga,1,1,0,0,145200.0,145200.0,900.24,900.24,100.0,0.0,0.0
2026-03-01,PART001,Ubuntu Credit,PRD002,Credit Life Plus,Credit Life,North West,3,3,0,0,254900.0,84966.67,1580.38,526.79,100.0,0.0,0.0
2026-03-01,PART001,Ubuntu Credit,PRD002,Credit Life Plus,Credit Life,Western Cape,4,3,0,1,320800.0,80200.0,1988.96,497.24,75.0,0.0,25.0
2026-03-01,PART002,Mzanzi Retail Fin.,PRD003,Retail funeral,Funeral,Free State,1,0,0,1,100000.0,100000.0,178.0,178.0,0.0,0.0,100.0
2026-03-01,PART002,Mzanzi Retail Fin.,PRD003,Retail funeral,Funeral,Gauteng,6,4,0,2,400000.0,66666.67,712.0,118.67,66.67,0.0,33.33
2026-03-01,PART002,Mzanzi Retail Fin.,PRD003,Retail funeral,Funeral,KwaZulu-Natal,6,5,0,1,250000.0,41666.67,445.0,74.17,83.33,0.0,16.67
2026-03-01,PART002,Mzanzi Retail Fin.,PRD003,Retail funeral,Funeral,Limpopo,3,3,0,0,125000.0,41666.67,222.5,74.17,100.0,0.0,0.0
2026-03-01,PART002,Mzanzi Retail Fin.,PRD003,Retail funeral,Funeral,Mpumalanga,3,3,0,0,175000.0,58333.33,311.5,103.83,100.0,0.0,0.0
2026-03-01,PART002,Mzanzi Retail Fin.,PRD003,Retail funeral,Funeral,Western Cape,6,5,0,1,375000.0,62500.0,667.5,111.25,83.33,0.0,16.67
2026-03-01,PART002,Mzanzi Retail Fin.,PRD004,Family Funeral Plus,Funeral,Free State,3,3,0,0,75000.0,25000.0,111.75,37.25,100.0,0.0,0.0
2026-03-01,PART002,Mzanzi Retail Fin.,PRD004,Family Funeral Plus,Funeral,Gauteng,7,7,0,0,450000.0,64285.71,670.5,95.79,100.0,0.0,0.0
2026-03-01,PART002,Mzanzi Retail Fin.,PRD004,Family Funeral Plus,Funeral,KwaZulu-Natal,3,2,0,1,100000.0,33333.33,149.0,49.67,66.67,0.0,33.33
2026-03-01,PART002,Mzanzi Retail Fin.,PRD004,Family Funeral Plus,Funeral,Limpopo,2,2,0,0,150000.0,75000.0,223.5,111.75,100.0,0.0,0.0
2026-03-01,PART002,Mzanzi Retail Fin.,PRD004,Family Funeral Plus,Funeral,Mpumalanga,1,1,0,0,50000.0,50000.0,74.5,74.5,100.0,0.0,0.0
2026-03-01,PART002,Mzanzi Retail Fin.,PRD004,Family Funeral Plus,Funeral,North West,1,1,0,0,25000.0,25000.0,37.25,37.25,100.0,0.0,0.0
2026-03-01,PART002,Mzanzi Retail Fin.,PRD004,Family Funeral Plus,Funeral,Western Cape,4,3,0,1,200000.0,50000.0,298.0,74.5,75.0,0.0,25.0
2026-03-01,PART003,Lighthouse Loans,PRD005,Loan Protection,Credit Life,Eastern Cape,2,2,0,0,60600.0,30300.0,333.3,166.65,100.0,0.0,0.0
2026-03-01,PART003,Lighthouse Loans,PRD005,Loan Protection,Credit Life,Gauteng,7,5,0,2,412500.0,58928.57,2268.75,324.11,71.43,0.0,28.57
2026-03-01,PART003,Lighthouse Loans,PRD005,Loan Protection,Credit Life,North West,1,0,0,1,91100.0,91100.0,501.05,501.05,0.0,0.0,100.0
2026-03-01,PART003,Lighthouse Loans,PRD005,Loan Protection,Credit Life,Western Cape,3,2,0,1,204300.0,68100.0,1123.65,374.55,66.67,0.0,33.33
2026-03-01,PART003,Lighthouse Loans,PRD006,Loan Protection Plus,Credit Life,Eastern Cape,2,1,0,1,334300.0,167150.0,2206.38,1103.19,50.0,0.0,50.0
2026-03-01,PART003,Lighthouse Loans,PRD006,Loan Protection Plus,Credit Life,Free State,4,3,0,1,642200.0,160550.0,4238.52,1059.63,75.0,0.0,25.0
2026-03-01,PART003,Lighthouse Loans,PRD006,Loan Protection Plus,Credit Life,Gauteng,12,9,0,3,1358100.0,113175.0,8963.46,746.96,75.0,0.0,25.0
2026-03-01,PART003,Lighthouse Loans,PRD006,Loan Protection Plus,Credit Life,KwaZulu-Natal,2,2,0,0,344100.0,172050.0,2271.06,1135.53,100.0,0.0,0.0
2026-03-01,PART003,Lighthouse Loans,PRD006,Loan Protection Plus,Credit Life,Limpopo,1,1,0,0,179100.0,179100.0,1182.06,1182.06,100.0,0.0,0.0
2026-03-01,PART003,Lighthouse Loans,PRD006,Loan Protection Plus,Credit Life,Mpumalanga,2,2,0,0,234900.0,117450.0,1550.34,775.17,100.0,0.0,0.0
2026-03-01,PART003,Lighthouse Loans,PRD006,Loan Protection Plus,Credit Life,North West,2,2,0,0,365700.0,182850.0,2413.62,1206.81,100.0,0.0,0.0
2026-03-01,PART003,Lighthouse Loans,PRD006,Loan Protection Plus,Credit Life,Western Cape,2,1,0,1,302300.0,151150.0,1995.18,997.59,50.0,0.0,50.0
2026-03-01,PART004,Khula Bank,PRD007,Bank Credit Protect,Credit Life,Eastern Cape,2,1,0,1,248200.0,124100.0,1216.18,608.09,50.0,0.0,50.0
2026-03-01,PART004,Khula Bank,PRD007,Bank Credit Protect,Credit Life,Free State,1,1,0,0,111700.0,111700.0,547.33,547.33,100.0,0.0,0.0
2026-03-01,PART004,Khula Bank,PRD007,Bank Credit Protect,Credit Life,Gauteng,7,4,0,3,946300.0,135185.71,4636.87,662.41,57.14,0.0,42.86
2026-03-01,PART004,Khula Bank,PRD007,Bank Credit Protect,Credit Life,KwaZulu-Natal,6,4,0,2,711500.0,118583.33,3486.35,581.06,66.67,0.0,33.33
2026-03-01,PART004,Khula Bank,PRD007,Bank Credit Protect,Credit Life,Limpopo,1,1,0,0,118700.0,118700.0,581.63,581.63,100.0,0.0,0.0
2026-03-01,PART004,Khula Bank,PRD007,Bank Credit Protect,Credit Life,Mpumalanga,1,1,0,0,129700.0,129700.0,635.53,635.53,100.0,0.0,0.0
2026-03-01,PART004,Khula Bank,PRD007,Bank Credit Protect,Credit Life,North West,3,1,0,2,358800.0,119600.0,1758.12,586.04,33.33,0.0,66.67
2026-03-01,PART004,Khula Bank,PRD007,Bank Credit Protect,Credit Life,Western Cape,4,4,0,0,404100.0,101025.0,1980.09,495.02,100.0,0.0,0.0
2026-03-01,PART004,Khula Bank,PRD008,Bank Funeral,Funeral,Eastern Cape,4,4,0,0,225000.0,56250.0,357.01,89.25,100.0,0.0,0.0
2026-03-01,PART004,Khula Bank,PRD008,Bank Funeral,Funeral,Gauteng,6,6,0,0,325000.0,54166.67,515.65,85.94,100.0,0.0,0.0
2026-03-01,PART004,Khula Bank,PRD008,Bank Funeral,Funeral,KwaZulu-Natal,3,2,0,1,200000.0,66666.67,317.33,105.78,66.67,0.0,33.33
2026-03-01,PART004,Khula Bank,PRD008,Bank Funeral,Funeral,Limpopo,3,2,0,1,250000.0,83333.33,396.67,132.22,66.67,0.0,33.33
2026-03-01,PART004,Khula Bank,PRD008,Bank Funeral,Funeral,Mpumalanga,2,1,0,1,125000.0,62500.0,198.34,99.17,50.0,0.0,50.0
2026-03-01,PART004,Khula Bank,PRD008,Bank Funeral,Funeral,North West,1,1,0,0,50000.0,50000.0,79.33,79.33,100.0,0.0,0.0
2026-03-01,PART004,Khula Bank,PRD008,Bank Funeral,Funeral,Western Cape,7,5,0,2,275000.0,39285.71,436.33,62.33,71.43,0.0,28.57
2026-03-01,PART005,Nala Mobility Finance,PRD009,Vehicle Credit Protect,Credit Life,Eastern Cape,1,0,0,1,279900.0,279900.0,1175.58,1175.58,0.0,0.0,100.0
2026-03-01,PART005,Nala Mobility Finance,PRD009,Vehicle Credit Protect,Credit Life,Gauteng,9,8,0,1,1790600.0,198955.56,7520.52,835.61,88.89,0.0,11.11
2026-03-01,PART005,Nala Mobility Finance,PRD009,Vehicle Credit Protect,Credit Life,KwaZulu-Natal,1,1,0,0,226600.0,226600.0,951.72,951.72,100.0,0.0,0.0
2026-03-01,PART005,Nala Mobility Finance,PRD009,Vehicle Credit Protect,Credit Life,Limpopo,2,1,0,1,266600.0,133300.0,1119.72,559.86,50.0,0.0,50.0
2026-03-01,PART005,Nala Mobility Finance,PRD009,Vehicle Credit Protect,Credit Life,North West,1,1,0,0,286000.0,286000.0,1201.2,1201.2,100.0,0.0,0.0
2026-03-01,PART005,Nala Mobility Finance,PRD009,Vehicle Credit Protect,Credit Life,Western Cape,2,2,0,0,327200.0,163600.0,1374.24,687.12,100.0,0.0,0.0
2026-03-01,PART005,Nala Mobility Finance,PRD010,Vehicle Disability Cover,Disability,Eastern Cape,1,1,0,0,167900.0,167900.0,587.65,587.65,100.0,0.0,0.0
2026-03-01,PART005,Nala Mobility Finance,PRD010,Vehicle Disability Cover,Disability,Gauteng,4,4,0,0,667000.0,166750.0,2334.5,583.62,100.0,0.0,0.0
2026-03-01,PART005,Nala Mobility Finance,PRD010,Vehicle Disability Cover,Disability,KwaZulu-Natal,5,4,0,1,664000.0,132800.0,2324.0,464.8,80.0,0.0,20.0
2026-03-01,PART005,Nala Mobility Finance,PRD010,Vehicle Disability Cover,Disability,Limpopo,1,1,0,0,195600.0,195600.0,684.6,684.6,100.0,0.0,0.0
2026-03-01,PART005,Nala Mobility Finance,PRD010,Vehicle Disability Cover,Disability,Mpumalanga,1,1,0,0,181700.0,181700.0,635.95,635.95,100.0,0.0,0.0
2026-03-01,PART005,Nala Mobility Finance,PRD010,Vehicle Disability Cover,Disability,North West,1,1,0,0,182900.0,182900.0,640.15,640.15,100.0,0.0,0.0
2026-03-01,PART005,Nala Mobility Finance,PRD010,Vehicle Disability Cover,Disability,Western Cape,4,3,0,1,439400.0,109850.0,1537.9,384.48,75.0,0.0,25.0
2026-04-01,PART001,Ubuntu Credit,PRD001,Credit Life Basic,Credit Life,Free State,1,1,0,0,22900.0,22900.0,109.92,109.92,100.0,0.0,0.0
2026-04-01,PART001,Ubuntu Credit,PRD001,Credit Life Basic,Credit Life,Gauteng,9,9,0,0,370400.0,41155.56,1777.92,197.55,100.0,0.0,0.0
2026-04-01,PART001,Ubuntu Credit,PRD001,Credit Life Basic,Credit Life,KwaZulu-Natal,1,1,0,0,42600.0,42600.0,204.48,204.48,100.0,0.0,0.0
2026-04-01,PART001,Ubuntu Credit,PRD001,Credit Life Basic,Credit Life,Limpopo,3,3,0,0,206600.0,68866.67,991.68,330.56,100.0,0.0,0.0
2026-04-01,PART001,Ubuntu Credit,PRD001,Credit Life Basic,Credit Life,Mpumalanga,2,2,0,0,97500.0,48750.0,468.0,234.0,100.0,0.0,0.0
2026-04-01,PART001,Ubuntu Credit,PRD001,Credit Life Basic,Credit Life,North West,3,3,0,0,159200.0,53066.67,764.16,254.72,100.0,0.0,0.0
2026-04-01,PART001,Ubuntu Credit,PRD001,Credit Life Basic,Credit Life,Western Cape,3,3,0,0,165100.0,55033.33,792.48,264.16,100.0,0.0,0.0
2026-04-01,PART001,Ubuntu Credit,PRD002,Credit Life Plus,Credit Life,Free State,4,4,0,0,402500.0,100625.0,2495.5,623.88,100.0,0.0,0.0
2026-04-01,PART001,Ubuntu Credit,PRD002,Credit Life Plus,Credit Life,Gauteng,9,9,0,0,988400.0,109822.22,6128.08,680.9,100.0,0.0,0.0
2026-04-01,PART001,Ubuntu Credit,PRD002,Credit Life Plus,Credit Life,KwaZulu-Natal,8,8,0,0,730700.0,91337.5,4530.34,566.29,100.0,0.0,0.0
2026-04-01,PART001,Ubuntu Credit,PRD002,Credit Life Plus,Credit Life,Mpumalanga,2,2,0,0,222500.0,111250.0,1379.5,689.75,100.0,0.0,0.0
2026-04-01,PART001,Ubuntu Credit,PRD002,Credit Life Plus,Credit Life,North West,3,3,0,0,239000.0,79666.67,1481.8,493.93,100.0,0.0,0.0
2026-04-01,PART001,Ubuntu Credit,PRD002,Credit Life Plus,Credit Life,Western Cape,5,5,0,0,421800.0,84360.0,2615.16,523.03,100.0,0.0,0.0
2026-04-01,PART002,Mzanzi Retail Fin.,PRD003,Retail funeral,Funeral,Eastern Cape,1,1,0,0,25000.0,25000.0,44.5,44.5,100.0,0.0,0.0
2026-04-01,PART002,Mzanzi Retail Fin.,PRD003,Retail funeral,Funeral,Free State,3,3,0,0,175000.0,58333.33,311.5,103.83,100.0,0.0,0.0
2026-04-01,PART002,Mzanzi Retail Fin.,PRD003,Retail funeral,Funeral,Gauteng,7,7,0,0,275000.0,39285.71,489.5,69.93,100.0,0.0,0.0
2026-04-01,PART002,Mzanzi Retail Fin.,PRD003,Retail funeral,Funeral,KwaZulu-Natal,3,3,0,0,150000.0,50000.0,267.0,89.0,100.0,0.0,0.0
2026-04-01,PART002,Mzanzi Retail Fin.,PRD003,Retail funeral,Funeral,Mpumalanga,1,1,0,0,75000.0,75000.0,133.5,133.5,100.0,0.0,0.0
2026-04-01,PART002,Mzanzi Retail Fin.,PRD003,Retail funeral,Funeral,North West,1,1,0,0,75000.0,75000.0,133.5,133.5,100.0,0.0,0.0
2026-04-01,PART002,Mzanzi Retail Fin.,PRD003,Retail funeral,Funeral,Western Cape,3,3,0,0,200000.0,66666.67,356.0,118.67,100.0,0.0,0.0
2026-04-01,PART002,Mzanzi Retail Fin.,PRD004,Family Funeral Plus,Funeral,Eastern Cape,3,3,0,0,225000.0,75000.0,335.25,111.75,100.0,0.0,0.0
2026-04-01,PART002,Mzanzi Retail Fin.,PRD004,Family Funeral Plus,Funeral,Gauteng,6,6,0,0,325000.0,54166.67,484.25,80.71,100.0,0.0,0.0
2026-04-01,PART002,Mzanzi Retail Fin.,PRD004,Family Funeral Plus,Funeral,KwaZulu-Natal,4,4,0,0,150000.0,37500.0,223.5,55.88,100.0,0.0,0.0
2026-04-01,PART002,Mzanzi Retail Fin.,PRD004,Family Funeral Plus,Funeral,Limpopo,6,6,0,0,425000.0,70833.33,633.25,105.54,100.0,0.0,0.0
2026-04-01,PART002,Mzanzi Retail Fin.,PRD004,Family Funeral Plus,Funeral,Mpumalanga,1,1,0,0,50000.0,50000.0,74.5,74.5,100.0,0.0,0.0
2026-04-01,PART002,Mzanzi Retail Fin.,PRD004,Family Funeral Plus,Funeral,North West,1,1,0,0,25000.0,25000.0,37.25,37.25,100.0,0.0,0.0
2026-04-01,PART002,Mzanzi Retail Fin.,PRD004,Family Funeral Plus,Funeral,Western Cape,3,3,0,0,125000.0,41666.67,186.25,62.08,100.0,0.0,0.0
2026-04-01,PART003,Lighthouse Loans,PRD005,Loan Protection,Credit Life,Eastern Cape,1,1,0,0,59500.0,59500.0,327.25,327.25,100.0,0.0,0.0
2026-04-01,PART003,Lighthouse Loans,PRD005,Loan Protection,Credit Life,Free State,2,2,0,0,101000.0,50500.0,555.5,277.75,100.0,0.0,0.0
2026-04-01,PART003,Lighthouse Loans,PRD005,Loan Protection,Credit Life,Gauteng,8,8,0,0,484000.0,60500.0,2662.0,332.75,100.0,0.0,0.0
2026-04-01,PART003,Lighthouse Loans,PRD005,Loan Protection,Credit Life,KwaZulu-Natal,3,3,0,0,225900.0,75300.0,1242.45,414.15,100.0,0.0,0.0
2026-04-01,PART003,Lighthouse Loans,PRD005,Loan Protection,Credit Life,Limpopo,1,1,0,0,84300.0,84300.0,463.65,463.65,100.0,0.0,0.0
2026-04-01,PART003,Lighthouse Loans,PRD005,Loan Protection,Credit Life,Mpumalanga,1,1,0,0,89200.0,89200.0,490.6,490.6,100.0,0.0,0.0
2026-04-01,PART003,Lighthouse Loans,PRD005,Loan Protection,Credit Life,North West,2,2,0,0,142800.0,71400.0,785.4,392.7,100.0,0.0,0.0
2026-04-01,PART003,Lighthouse Loans,PRD005,Loan Protection,Credit Life,Western Cape,5,5,0,0,291500.0,58300.0,1603.25,320.65,100.0,0.0,0.0
2026-04-01,PART003,Lighthouse Loans,PRD006,Loan Protection Plus,Credit Life,Eastern Cape,1,1,0,0,80700.0,80700.0,532.62,532.62,100.0,0.0,0.0
2026-04-01,PART003,Lighthouse Loans,PRD006,Loan Protection Plus,Credit Life,Free State,2,2,0,0,335900.0,167950.0,2216.94,1108.47,100.0,0.0,0.0
2026-04-01,PART003,Lighthouse Loans,PRD006,Loan Protection Plus,Credit Life,Gauteng,5,5,0,0,751700.0,150340.0,4961.22,992.24,100.0,0.0,0.0
2026-04-01,PART003,Lighthouse Loans,PRD006,Loan Protection Plus,Credit Life,KwaZulu-Natal,3,3,0,0,458200.0,152733.33,3024.12,1008.04,100.0,0.0,0.0
2026-04-01,PART003,Lighthouse Loans,PRD006,Loan Protection Plus,Credit Life,Limpopo,5,5,0,0,566000.0,113200.0,3735.6,747.12,100.0,0.0,0.0
2026-04-01,PART003,Lighthouse Loans,PRD006,Loan Protection Plus,Credit Life,Mpumalanga,1,1,0,0,146800.0,146800.0,968.88,968.88,100.0,0.0,0.0
2026-04-01,PART003,Lighthouse Loans,PRD006,Loan Protection Plus,Credit Life,North West,2,2,0,0,221100.0,110550.0,1459.26,729.63,100.0,0.0,0.0
2026-04-01,PART003,Lighthouse Loans,PRD006,Loan Protection Plus,Credit Life,Western Cape,6,6,0,0,716700.0,119450.0,4730.22,788.37,100.0,0.0,0.0
2026-04-01,PART004,Khula Bank,PRD007,Bank Credit Protect,Credit Life,Free State,1,1,0,0,150300.0,150300.0,736.47,736.47,100.0,0.0,0.0
2026-04-01,PART004,Khula Bank,PRD007,Bank Credit Protect,Credit Life,Gauteng,4,4,0,0,541500.0,135375.0,2653.35,663.34,100.0,0.0,0.0
2026-04-01,PART004,Khula Bank,PRD007,Bank Credit Protect,Credit Life,KwaZulu-Natal,1,1,0,0,124000.0,124000.0,607.6,607.6,100.0,0.0,0.0
2026-04-01,PART004,Khula Bank,PRD007,Bank Credit Protect,Credit Life,Limpopo,3,3,0,0,286400.0,95466.67,1403.36,467.79,100.0,0.0,0.0
2026-04-01,PART004,Khula Bank,PRD007,Bank Credit Protect,Credit Life,Mpumalanga,4,4,0,0,593000.0,148250.0,2905.7,726.42,100.0,0.0,0.0
2026-04-01,PART004,Khula Bank,PRD007,Bank Credit Protect,Credit Life,North West,1,1,0,0,175900.0,175900.0,861.91,861.91,100.0,0.0,0.0
2026-04-01,PART004,Khula Bank,PRD007,Bank Credit Protect,Credit Life,Western Cape,6,6,0,0,744200.0,124033.33,3646.58,607.76,100.0,0.0,0.0
2026-04-01,PART004,Khula Bank,PRD008,Bank Funeral,Funeral,Eastern Cape,3,3,0,0,150000.0,50000.0,238.0,79.33,100.0,0.0,0.0
2026-04-01,PART004,Khula Bank,PRD008,Bank Funeral,Funeral,Gauteng,6,6,0,0,350000.0,58333.33,555.34,92.56,100.0,0.0,0.0
2026-04-01,PART004,Khula Bank,PRD008,Bank Funeral,Funeral,KwaZulu-Natal,5,5,0,0,350000.0,70000.0,555.34,111.07,100.0,0.0,0.0
2026-04-01,PART004,Khula Bank,PRD008,Bank Funeral,Funeral,North West,1,1,0,0,25000.0,25000.0,39.67,39.67,100.0,0.0,0.0
2026-04-01,PART004,Khula Bank,PRD008,Bank Funeral,Funeral,Western Cape,7,7,0,0,375000.0,53571.43,595.0,85.0,100.0,0.0,0.0
2026-04-01,PART005,Nala Mobility Finance,PRD009,Vehicle Credit Protect,Credit Life,Free State,2,2,0,0,411300.0,205650.0,1727.46,863.73,100.0,0.0,0.0
2026-04-01,PART005,Nala Mobility Finance,PRD009,Vehicle Credit Protect,Credit Life,Gauteng,9,9,0,0,1999100.0,222122.22,8396.22,932.91,100.0,0.0,0.0
2026-04-01,PART005,Nala Mobility Finance,PRD009,Vehicle Credit Protect,Credit Life,KwaZulu-Natal,3,3,0,0,462100.0,154033.33,1940.82,646.94,100.0,0.0,0.0
2026-04-01,PART005,Nala Mobility Finance,PRD009,Vehicle Credit Protect,Credit Life,Mpumalanga,1,1,0,0,87200.0,87200.0,366.24,366.24,100.0,0.0,0.0
2026-04-01,PART005,Nala Mobility Finance,PRD009,Vehicle Credit Protect,Credit Life,North West,4,4,0,0,800600.0,200150.0,3362.52,840.63,100.0,0.0,0.0
2026-04-01,PART005,Nala Mobility Finance,PRD009,Vehicle Credit Protect,Credit Life,Western Cape,4,4,0,0,597000.0,149250.0,2507.4,626.85,100.0,0.0,0.0
2026-04-01,PART005,Nala Mobility Finance,PRD010,Vehicle Disability Cover,Disability,Eastern Cape,1,1,0,0,224100.0,224100.0,784.35,784.35,100.0,0.0,0.0
2026-04-01,PART005,Nala Mobility Finance,PRD010,Vehicle Disability Cover,Disability,Free State,3,3,0,0,638600.0,212866.67,2235.1,745.03,100.0,0.0,0.0
2026-04-01,PART005,Nala Mobility Finance,PRD010,Vehicle Disability Cover,Disability,Gauteng,8,8,0,0,1266200.0,158275.0,4431.7,553.96,100.0,0.0,0.0
2026-04-01,PART005,Nala Mobility Finance,PRD010,Vehicle Disability Cover,Disability,Mpumalanga,2,2,0,0,357100.0,178550.0,1249.85,624.92,100.0,0.0,0.0
2026-04-01,PART005,Nala Mobility Finance,PRD010,Vehicle Disability Cover,Disability,Western Cape,4,4,0,0,570300.0,142575.0,1996.05,499.01,100.0,0.0,0.0
